current_time,co2_value,temperature,pressure,humidity,gas_resistance
2024-08-06 19:29:37.200636,519,,,,
2024-08-06 19:30:37.912009,532,26.35,998.15,43.66,
2024-08-06 19:31:38.612134,524,26.33,998.14,43.72,86428.1
2024-08-06 19:32:39.545209,557,26.29,998.12,43.72,89229.7
2024-08-06 19:33:40.333164,556,26.25,998.14,43.85,90077.4
2024-08-06 19:34:41.112695,550,26.2,998.13,43.85,91428.6
2024-08-06 19:35:41.782845,547,26.14,998.13,43.91,91624.9
2024-08-06 19:36:42.536514,541,26.09,998.1,43.77,91135.6
2024-08-06 19:37:43.261692,540,26.02,998.12,43.68,91428.6
2024-08-06 19:38:43.962182,530,25.96,998.12,43.74,92318.8
2024-08-06 19:39:44.684252,541,25.9,998.1,43.92,91723.4
2024-08-06 19:40:45.432441,563,25.83,998.11,44.0,91723.4
2024-08-06 19:41:46.103366,551,25.77,998.12,44.14,91624.9
2024-08-06 19:42:46.852462,516,25.72,998.11,44.18,91428.6
2024-08-06 19:43:47.583721,538,25.66,998.11,44.22,91428.6
2024-08-06 19:44:48.269593,552,25.63,998.12,43.48,91822.1
2024-08-06 19:45:48.972535,556,25.62,998.15,43.25,91330.7
2024-08-06 19:46:49.683596,575,25.62,998.18,43.23,92119.5
2024-08-06 19:47:50.424174,544,25.62,998.19,42.97,91723.4
2024-08-06 19:48:51.164005,516,25.68,998.21,41.88,91822.1
2024-08-06 19:49:51.902917,533,25.78,998.23,40.92,91428.6
2024-08-06 19:50:52.665120,537,25.9,998.23,40.58,92020.1
2024-08-06 19:51:53.414782,541,26.0,998.25,40.41,91330.7
2024-08-06 19:52:54.156390,562,26.1,998.24,40.11,91330.7
2024-08-06 19:53:54.873506,552,26.2,998.26,39.71,91428.6
2024-08-06 19:54:55.644476,528,26.28,998.26,39.66,91135.6
2024-08-06 19:55:56.361837,560,26.32,998.24,39.76,90363.6
2024-08-06 19:56:57.154853,562,26.37,998.27,39.5,90651.6
2024-08-06 19:57:57.853218,568,26.42,998.27,39.22,90077.4
2024-08-06 19:58:58.708668,578,26.46,998.27,38.95,90748.0
2024-08-06 19:59:59.462332,570,26.5,998.28,38.86,90748.0
2024-08-06 20:01:00.254512,543,26.53,998.33,38.82,90748.0
2024-08-06 20:02:00.972042,529,26.54,998.32,39.08,90363.6
2024-08-06 20:03:01.783582,548,26.57,998.35,38.7,90077.4
2024-08-06 20:04:02.505302,541,26.59,998.35,38.58,89887.6
2024-08-06 20:05:03.222840,532,26.6,998.34,38.83,90172.6
2024-08-06 20:06:03.975322,552,26.6,998.34,38.58,89604.5
2024-08-06 20:07:04.745380,551,26.6,998.36,38.77,90172.6
2024-08-06 20:08:05.523933,537,26.59,998.37,38.75,89982.4
2024-08-06 20:09:06.221839,547,26.58,998.39,38.83,89887.6
2024-08-06 20:10:07.032387,542,26.56,998.42,38.66,89698.7
2024-08-06 20:11:07.733187,544,26.55,998.44,38.51,90172.6
2024-08-06 20:12:08.482760,520,26.53,998.47,38.63,90748.0
2024-08-06 20:13:09.263532,533,26.52,998.47,38.54,90268.0
2024-08-06 20:14:09.962703,554,26.5,998.52,38.78,91135.6
2024-08-06 20:15:10.693753,578,26.47,998.58,39.04,91038.4
2024-08-06 20:16:11.485283,563,26.46,998.61,38.91,91330.7
2024-08-06 20:17:12.273032,556,26.43,998.67,39.01,91526.6
2024-08-06 20:18:13.001710,530,26.42,998.71,38.85,91822.1
2024-08-06 20:19:13.733609,533,26.4,998.74,38.85,91624.9
2024-08-06 20:20:14.445872,542,26.38,998.78,38.8,91428.6
2024-08-06 20:21:15.184594,541,26.36,998.83,38.65,91330.7
2024-08-06 20:22:16.162877,581,26.33,998.87,38.91,91526.6
2024-08-06 20:23:16.942663,536,26.31,998.89,38.81,91822.1
2024-08-06 20:24:17.723191,538,26.28,998.89,39.02,91624.9
2024-08-06 20:25:18.466305,565,26.26,998.94,38.95,92219.0
2024-08-06 20:26:19.173802,540,26.24,998.96,38.79,92318.8
2024-08-06 20:27:19.849137,525,26.22,998.99,39.06,92318.8
2024-08-06 20:28:20.563296,523,26.2,999.02,39.2,92418.8
2024-08-06 20:29:21.292158,541,26.18,999.06,38.84,93962.2
2024-08-06 20:30:21.993413,537,26.17,999.11,38.97,92318.8
2024-08-06 20:31:22.701910,547,26.16,999.15,38.99,94169.6
2024-08-06 20:32:24.163618,532,26.14,999.19,39.09,94325.7
2024-08-06 20:33:24.913543,530,26.13,999.18,39.03,94692.1
2024-08-06 20:34:25.621991,542,26.11,999.22,39.04,94639.6
2024-08-06 20:35:26.374948,543,26.1,999.23,39.05,94482.4
2024-08-06 20:36:27.072761,558,26.08,999.24,39.24,94065.8
2024-08-06 20:37:27.772756,556,26.06,999.23,39.11,93962.2
2024-08-06 20:38:28.461713,528,26.05,999.25,39.26,94534.7
2024-08-06 20:39:29.222460,506,26.04,999.23,39.21,94587.1
2024-08-06 20:40:29.992184,513,26.02,999.22,39.2,94744.6
2024-08-06 20:41:30.773104,549,26.01,999.21,39.28,94587.1
2024-08-06 20:42:31.502600,535,25.97,999.24,39.66,94377.9
2024-08-06 20:43:32.214081,566,25.95,999.24,39.34,94587.1
2024-08-06 20:44:32.994413,547,25.93,999.21,39.34,94849.9
2024-08-06 20:45:33.752182,539,25.92,999.2,39.47,95008.4
2024-08-06 20:46:34.472930,531,25.91,999.2,39.46,94955.5
2024-08-06 20:47:35.172838,550,25.89,999.22,39.27,95167.3
2024-08-06 20:48:35.893209,539,25.88,999.21,39.35,94430.1
2024-08-06 20:49:36.591935,537,25.87,999.23,39.61,94639.6
2024-08-06 20:50:37.337544,534,25.85,999.27,39.41,94797.3
2024-08-06 20:51:38.094120,577,25.84,999.29,39.26,94902.7
2024-08-06 20:52:38.893357,532,25.83,999.31,39.24,95061.3
2024-08-06 20:53:39.601827,538,25.81,999.31,39.35,94955.5
2024-08-06 20:54:40.263319,552,25.8,999.32,39.5,95486.8
2024-08-06 20:55:41.074670,532,25.79,999.32,39.21,95326.8
2024-08-06 20:56:41.864128,560,25.77,999.32,39.31,95380.0
2024-08-06 20:57:42.584566,565,25.74,999.3,39.54,95380.0
2024-08-06 20:58:43.305202,557,25.71,999.32,39.64,95380.0
2024-08-06 20:59:44.056448,565,25.7,999.33,39.28,95593.7
2024-08-06 21:00:44.803086,551,25.68,999.33,39.33,95862.2
2024-08-06 21:01:45.502857,552,25.66,999.34,39.37,96024.0
2024-08-06 21:02:46.252510,535,25.64,999.34,39.44,95862.2
2024-08-06 21:03:46.992529,542,25.63,999.35,39.35,96403.7
2024-08-06 21:04:47.713184,540,25.62,999.39,39.37,96024.0
2024-08-06 21:05:48.474513,558,25.59,999.38,39.52,96024.0
2024-08-06 21:06:49.198466,546,25.57,999.42,39.54,96294.9
2024-08-06 21:07:49.944902,511,25.54,999.43,39.59,96294.9
2024-08-06 21:08:50.663955,507,25.44,999.48,41.32,96403.7
2024-08-06 21:09:51.336552,532,25.3,999.49,41.48,95916.1
2024-08-06 21:10:52.083076,556,25.17,999.49,41.94,96024.0
2024-08-06 21:11:52.781555,538,25.05,999.53,41.93,95700.9
2024-08-06 21:12:53.576334,544,24.99,999.52,40.91,96512.7
2024-08-06 21:13:54.314888,568,24.98,999.53,40.54,96132.2
2024-08-06 21:14:55.074258,584,25.0,999.51,40.2,96731.5
2024-08-06 21:15:55.842055,532,25.0,999.52,40.62,96676.7
2024-08-06 21:16:56.522472,552,25.02,999.54,39.86,97227.5
2024-08-06 21:17:57.223354,570,25.02,999.57,40.63,97952.9
2024-08-06 21:18:57.998139,578,24.92,999.57,47.16,94902.7
2024-08-06 21:19:58.734204,608,24.9,999.57,53.56,88306.3
2024-08-06 21:20:59.534229,601,24.91,999.61,56.51,82183.0
2024-08-06 21:22:00.273616,603,24.94,999.62,58.07,78048.8
2024-08-06 21:23:00.965668,604,25.05,999.64,58.95,74310.6
2024-08-06 21:24:01.708188,592,25.15,999.65,60.53,70679.2
2024-08-06 21:25:02.466198,593,25.24,999.67,61.13,67492.7
2024-08-06 21:26:03.151877,592,25.34,999.66,61.64,65573.8
2024-08-06 21:27:03.873044,626,25.44,999.67,61.95,62868.4
2024-08-06 21:28:04.586528,639,25.49,999.65,59.58,61865.6
2024-08-06 21:29:05.373395,598,25.49,999.65,57.71,61244.0
2024-08-06 21:30:06.033544,603,25.45,999.66,56.52,61332.1
2024-08-06 21:31:06.804831,589,25.38,999.69,56.22,61910.5
2024-08-06 21:32:07.523413,582,25.31,999.66,55.63,62135.9
2024-08-06 21:33:08.212766,582,25.25,999.68,55.69,62591.7
2024-08-06 21:34:09.015570,588,25.19,999.71,55.68,62454.3
2024-08-06 21:35:09.733476,599,25.15,999.72,56.03,62591.7
2024-08-06 21:36:10.421937,619,25.14,999.71,55.93,62500.0
2024-08-06 21:37:11.122743,594,25.12,999.71,55.12,62683.6
2024-08-06 21:38:11.884795,587,25.09,999.75,54.79,63100.8
2024-08-06 21:39:12.581857,606,25.04,999.72,54.1,63382.0
2024-08-06 21:40:13.355718,614,24.98,999.71,53.81,64048.0
2024-08-06 21:41:14.061889,598,24.92,999.76,53.53,64434.9
2024-08-06 21:42:14.794187,597,24.86,999.74,53.22,64974.6
2024-08-06 21:43:15.502663,606,24.81,999.79,52.8,65573.8
2024-08-06 21:44:16.454612,607,24.76,999.77,52.51,66132.8
2024-08-06 21:45:17.214358,606,24.71,999.8,51.89,66701.4
2024-08-06 21:46:18.036414,596,24.66,999.79,51.7,67333.0
2024-08-06 21:47:18.807572,607,24.62,999.81,51.38,67599.7
2024-08-06 21:48:19.536400,604,24.58,999.79,51.07,68357.8
2024-08-06 21:49:20.282939,598,24.54,999.8,50.78,69021.3
2024-08-06 21:50:21.077580,602,24.5,999.81,50.45,69584.1
2024-08-06 21:51:21.764420,593,24.45,999.83,50.29,70271.8
2024-08-06 21:52:22.483553,573,24.4,999.79,50.16,70855.2
2024-08-06 21:53:23.182453,594,24.35,999.8,49.99,71568.4
2024-08-06 21:54:23.977637,594,24.3,999.79,49.81,71930.3
2024-08-06 21:55:24.752749,603,24.26,999.8,49.75,72603.5
2024-08-06 21:56:25.492451,585,24.22,999.77,49.56,73101.1
2024-08-06 21:57:26.254349,573,24.2,999.79,49.77,73289.4
2024-08-06 21:58:26.994218,591,24.19,999.81,50.16,73415.5
2024-08-06 21:59:27.744700,605,24.2,999.8,50.28,73478.8
2024-08-06 22:00:28.423128,607,24.22,999.8,50.44,73732.7
2024-08-06 22:01:29.173682,620,24.26,999.83,50.52,73669.1
2024-08-06 22:02:29.944615,600,24.3,999.83,50.69,73542.1
2024-08-06 22:03:30.652651,587,24.34,999.84,50.91,73478.8
2024-08-06 22:04:31.456538,585,24.38,999.84,51.15,73289.4
2024-08-06 22:05:32.225771,584,24.41,999.86,51.69,72976.1
2024-08-06 22:06:33.007018,595,24.43,999.88,52.06,72665.3
2024-08-06 22:07:33.774518,606,24.48,999.87,52.2,71930.3
2024-08-06 22:08:34.544818,605,24.51,999.88,53.02,71448.5
2024-08-06 22:09:35.235372,593,24.55,999.87,53.48,70620.7
2024-08-06 22:10:35.962017,599,24.61,999.89,55.1,70271.8
2024-08-06 22:11:36.724093,605,24.68,999.85,54.88,69414.3
2024-08-06 22:12:37.423591,575,24.76,999.84,54.49,68798.7
2024-08-06 22:13:38.144198,590,24.83,999.85,54.5,68303.1
2024-08-06 22:14:38.883426,594,24.89,999.84,54.5,67868.5
2024-08-06 22:15:39.582437,589,24.94,999.81,54.86,67653.3
2024-08-06 22:16:40.312328,578,24.96,999.82,55.17,67653.3
2024-08-06 22:17:41.032697,606,24.97,999.81,55.24,67068.4
2024-08-06 22:18:41.754214,602,24.96,999.82,55.28,66390.0
2024-08-06 22:19:42.491932,604,24.93,999.81,55.29,66338.4
2024-08-06 22:20:43.183143,581,24.9,999.82,55.09,65826.7
2024-08-06 22:21:43.861713,572,24.86,999.82,54.92,65928.4
2024-08-06 22:22:44.544922,583,24.81,999.82,54.69,66030.4
2024-08-06 22:23:45.292184,569,24.77,999.77,54.18,66132.8
2024-08-06 22:24:46.011912,589,24.75,999.77,53.85,66649.3
2024-08-06 22:25:46.741929,604,24.72,999.77,53.66,66805.8
2024-08-06 22:26:47.472084,605,24.68,999.76,53.35,67653.3
2024-08-06 22:27:48.304158,606,24.63,999.77,53.19,67814.6
2024-08-06 22:28:49.032767,597,24.57,999.75,52.95,68303.1
2024-08-06 22:29:49.795692,573,24.51,999.77,52.51,68854.2
2024-08-06 22:30:50.513341,555,24.44,999.76,52.17,69245.3
2024-08-06 22:31:51.223521,561,24.4,999.75,51.95,70041.0
2024-08-06 22:32:51.951745,585,24.35,999.78,51.8,70620.7
2024-08-06 22:33:52.677210,576,24.31,999.78,51.69,70855.2
2024-08-06 22:34:53.441869,586,24.27,999.78,51.48,71508.4
2024-08-06 22:35:54.203642,580,24.22,999.76,51.52,71869.7
2024-08-06 22:36:54.892373,576,24.19,999.76,51.36,71930.3
2024-08-06 22:37:55.626744,592,24.16,999.79,51.42,72418.7
2024-08-06 22:38:56.323230,581,24.13,999.78,51.42,72727.3
2024-08-06 22:39:57.122009,578,24.11,999.78,51.31,72727.3
2024-08-06 22:40:57.894193,583,24.09,999.77,51.25,73038.5
2024-08-06 22:41:58.672067,585,24.06,999.79,51.4,73352.4
2024-08-06 22:42:59.372673,572,24.07,999.78,52.07,73415.5
2024-08-06 22:44:00.072439,588,24.09,999.78,52.16,73226.5
2024-08-06 22:45:00.854558,580,24.11,999.77,52.3,73289.4
2024-08-06 22:46:01.573737,567,24.13,999.77,52.54,73163.8
2024-08-06 22:47:02.313921,579,24.16,999.78,52.75,72976.1
2024-08-06 22:48:03.123165,568,24.18,999.79,53.12,72851.5
2024-08-06 22:49:03.834354,563,24.21,999.79,53.35,72603.5
2024-08-06 22:50:04.551883,577,24.23,999.83,53.6,72173.7
2024-08-06 22:51:05.302955,579,24.27,999.82,53.81,71991.0
2024-08-06 22:52:06.084179,581,24.28,999.83,54.07,71688.6
2024-08-06 22:53:06.826394,566,24.3,999.82,54.14,71329.1
2024-08-06 22:54:07.624250,547,24.32,999.82,54.15,71210.0
2024-08-06 22:55:08.334434,578,24.35,999.81,54.97,70796.5
2024-08-06 22:56:09.074245,581,24.42,999.79,55.71,70041.0
2024-08-06 22:57:09.864852,559,24.49,999.83,56.53,69133.1
2024-08-06 22:58:10.690000,578,24.56,999.82,57.44,68522.5
2024-08-06 22:59:11.376589,579,24.64,999.83,58.93,67226.9
2024-08-06 23:00:12.073739,569,24.72,999.82,59.51,66286.9
2024-08-06 23:01:12.783169,585,24.81,999.85,59.89,64925.2
2024-08-06 23:02:13.483999,587,24.88,999.83,60.11,64240.9
2024-08-06 23:03:14.183114,582,24.93,999.81,60.13,63054.2
2024-08-06 23:04:14.893303,577,24.98,999.8,60.04,62363.0
2024-08-06 23:05:15.602747,582,25.01,999.82,60.0,61686.7
2024-08-06 23:06:16.282700,598,25.03,999.81,59.69,61420.3
2024-08-06 23:07:17.044622,599,25.05,999.8,59.6,61376.2
2024-08-06 23:08:17.793946,591,25.05,999.78,59.49,61332.1
2024-08-06 23:09:18.562308,602,25.04,999.79,59.13,61288.0
2024-08-06 23:10:19.282830,579,25.03,999.78,58.74,61420.3
2024-08-06 23:11:20.026246,589,25.0,999.78,58.5,61244.0
2024-08-06 23:12:20.819197,601,24.98,999.75,57.82,61820.8
2024-08-06 23:13:21.483189,589,24.95,999.76,57.48,61865.6
2024-08-06 23:14:22.305822,618,24.91,999.75,57.15,62045.6
2024-08-06 23:15:23.051985,602,24.88,999.75,56.81,62454.3
2024-08-06 23:16:23.822839,598,24.86,999.77,56.18,62683.6
2024-08-06 23:17:24.642102,604,24.82,999.8,55.77,63007.6
2024-08-06 23:18:25.417161,593,24.77,999.77,55.25,63288.0
2024-08-06 23:19:26.144416,593,24.73,999.8,54.77,63760.9
2024-08-06 23:20:26.944957,599,24.68,999.79,54.63,64581.2
2024-08-06 23:21:27.675169,593,24.62,999.81,54.31,65173.1
2024-08-06 23:22:28.454246,592,24.58,999.79,53.94,65826.7
2024-08-06 23:23:29.256533,589,24.52,999.81,53.82,66545.4
2024-08-06 23:24:29.966461,575,24.45,999.82,53.56,67279.9
2024-08-06 23:25:30.746129,583,24.4,999.78,53.24,67868.5
2024-08-06 23:26:31.473729,584,24.34,999.8,53.28,68522.5
2024-08-06 23:27:32.232676,576,24.3,999.81,52.96,69021.3
2024-08-06 23:28:32.924088,564,24.26,999.82,53.18,69811.8
2024-08-06 23:29:33.613712,564,24.23,999.83,53.11,70445.8
2024-08-06 23:30:34.374837,572,24.21,999.8,53.16,70796.5
2024-08-06 23:31:35.092379,582,24.19,999.82,53.71,71329.1
2024-08-06 23:32:35.844037,584,24.21,999.79,53.53,71508.4
2024-08-06 23:33:36.595420,583,24.22,999.79,53.2,71809.3
2024-08-06 23:34:37.374536,574,24.23,999.83,52.86,72051.8
2024-08-06 23:35:38.093024,557,24.23,999.81,52.82,72480.2
2024-08-06 23:36:38.857469,564,24.23,999.81,52.76,72727.3
2024-08-06 23:37:39.554711,543,24.22,999.77,52.7,73101.1
2024-08-06 23:38:40.295230,527,24.21,999.77,52.8,73289.4
2024-08-06 23:39:41.063957,539,24.19,999.77,52.82,73796.5
2024-08-06 23:40:41.762683,560,24.17,999.74,52.41,73988.4
2024-08-06 23:41:42.463239,554,24.15,999.71,52.32,74505.2
2024-08-06 23:42:43.274644,541,24.13,999.71,51.85,74700.9
2024-08-06 23:43:44.025148,543,24.1,999.72,51.25,74897.6
2024-08-06 23:44:44.784244,542,24.07,999.72,50.83,75627.8
2024-08-06 23:45:45.535399,553,24.02,999.67,50.75,76099.9
2024-08-06 23:46:46.273664,547,23.98,999.66,50.37,76440.7
2024-08-06 23:47:47.024089,537,23.94,999.64,49.96,76784.6
2024-08-06 23:48:47.815591,548,23.89,999.61,49.84,77201.4
2024-08-06 23:49:48.545292,548,23.86,999.62,49.6,77693.5
2024-08-06 23:50:49.253858,560,23.83,999.57,49.44,77977.5
2024-08-06 23:51:50.036351,572,23.79,999.56,50.05,78696.6
2024-08-06 23:52:50.734054,569,23.79,999.55,50.65,78191.8
2024-08-06 23:53:51.433093,560,23.81,999.53,51.36,77764.3
2024-08-06 23:54:52.133433,562,23.85,999.52,51.77,77062.0
2024-08-06 23:55:52.792891,572,23.89,999.54,52.33,76715.6
2024-08-06 23:56:53.530497,578,23.94,999.55,52.75,76372.3
2024-08-06 23:57:54.245375,551,23.99,999.52,53.18,75896.8
2024-08-06 23:58:55.002939,561,24.03,999.52,53.64,75161.5
2024-08-06 23:59:55.752520,553,24.07,999.55,53.95,74440.2
2024-08-07 00:00:56.483541,551,24.11,999.53,54.42,73669.1
2024-08-07 00:01:57.242759,543,24.15,999.52,54.39,73352.4
2024-08-07 00:02:58.022811,563,24.2,999.52,55.65,72665.3
2024-08-07 00:03:58.782944,559,24.28,999.54,56.6,71628.4
2024-08-07 00:04:59.564499,556,24.35,999.52,57.18,70504.0
2024-08-07 00:06:00.284224,570,24.41,999.5,57.49,69584.1
2024-08-07 00:07:01.035085,576,24.46,999.54,57.88,69077.2
2024-08-07 00:08:01.721960,572,24.59,999.5,58.95,68139.5
2024-08-07 00:09:02.455191,571,24.84,999.53,58.18,66753.6
2024-08-07 00:10:03.287905,565,25.15,999.52,57.91,66493.5
2024-08-07 00:11:04.056774,552,25.5,999.53,56.38,65725.3
2024-08-07 00:12:04.794034,538,25.86,999.51,56.08,65024.1
2024-08-07 00:13:05.512291,544,26.11,999.51,58.5,63760.9
2024-08-07 00:14:06.242486,565,26.3,999.5,59.36,62363.0
2024-08-07 00:15:06.972388,540,26.46,999.53,59.74,61200.1
2024-08-07 00:16:07.704983,552,26.65,999.53,57.77,60377.4
2024-08-07 00:17:08.382492,563,26.84,999.53,58.45,59576.4
2024-08-07 00:18:09.107885,571,26.96,999.56,59.22,58756.0
2024-08-07 00:19:09.821986,558,27.14,999.59,57.76,58474.2
2024-08-07 00:20:10.565311,563,27.31,999.61,57.18,58434.1
2024-08-07 00:21:11.301289,527,27.46,999.61,54.38,58756.0
2024-08-07 00:22:11.991909,525,27.64,999.61,52.45,59122.4
2024-08-07 00:23:12.744813,544,27.68,999.62,53.49,59081.5
2024-08-07 00:24:13.452164,545,27.79,999.58,51.17,59701.5
2024-08-07 00:25:14.244972,556,27.8,999.55,53.24,59869.0
2024-08-07 00:26:14.951892,573,27.74,999.56,53.49,59953.2
2024-08-07 00:27:15.734791,596,27.68,999.55,53.64,60164.5
2024-08-07 00:28:16.472274,611,27.69,999.5,51.19,60807.6
2024-08-07 00:29:17.274348,635,27.74,999.49,51.12,60937.9
2024-08-07 00:30:18.024670,614,27.81,999.46,50.67,61112.4
2024-08-07 00:31:18.756899,605,27.85,999.44,50.83,61244.0
2024-08-07 00:32:19.483971,617,27.82,999.44,51.54,61200.1
2024-08-07 00:33:20.183955,623,27.8,999.42,52.36,61156.2
2024-08-07 00:34:20.912741,610,27.83,999.4,50.33,61464.6
2024-08-07 00:35:21.623897,610,27.82,999.4,52.11,61376.2
2024-08-07 00:36:22.362096,596,27.79,999.38,51.41,61553.3
2024-08-07 00:37:23.113100,596,27.79,999.36,52.21,61288.0
2024-08-07 00:38:23.846975,607,27.81,999.37,51.82,61597.7
2024-08-07 00:39:24.573832,604,27.8,999.34,52.35,61200.1
2024-08-07 00:40:25.284346,595,27.8,999.34,51.99,61686.7
2024-08-07 00:41:26.003358,639,27.75,999.31,53.07,61068.7
2024-08-07 00:42:26.786491,635,27.66,999.3,53.36,61025.0
2024-08-07 00:43:27.565286,618,27.6,999.29,53.43,60937.9
2024-08-07 00:44:28.313129,629,27.61,999.28,54.64,60377.4
2024-08-07 00:45:28.973638,623,27.77,999.27,53.09,60505.8
2024-08-07 00:46:29.712761,620,27.99,999.26,50.42,60764.3
2024-08-07 00:47:30.474137,610,28.01,999.25,52.83,60334.7
2024-08-07 00:48:31.264668,589,28.1,999.26,50.88,60548.7
2024-08-07 00:49:31.928792,607,28.12,999.23,50.45,60764.3
2024-08-07 00:50:32.705097,622,28.1,999.2,50.34,60937.9
2024-08-07 00:51:33.446242,629,28.03,999.16,51.11,61112.4
2024-08-07 00:52:34.204145,632,27.96,999.16,51.3,61112.4
2024-08-07 00:53:34.945464,613,27.97,999.14,49.55,61686.7
2024-08-07 00:54:35.642449,635,27.97,999.14,49.42,61955.5
2024-08-07 00:55:36.281549,626,28.02,999.12,48.61,62363.0
2024-08-07 00:56:37.011969,633,28.09,999.11,48.9,62454.3
2024-08-07 00:57:37.755346,632,28.11,999.1,49.98,62775.9
2024-08-07 00:58:38.515696,618,28.17,999.07,48.86,62961.1
2024-08-07 00:59:39.282647,607,28.15,999.06,52.51,62045.6
2024-08-07 01:00:40.013004,637,28.24,999.07,52.53,61776.1
2024-08-07 01:01:40.785124,608,28.34,999.04,50.93,61553.3
2024-08-07 01:02:41.499655,589,28.39,999.02,49.52,61288.0
2024-08-07 01:03:42.262905,582,28.47,999.02,48.82,61955.5
2024-08-07 01:04:43.026564,597,28.46,999.03,48.9,62272.0
2024-08-07 01:05:43.722323,569,28.44,999.01,48.81,62090.7
2024-08-07 01:06:44.465716,595,28.47,998.98,47.69,62683.6
2024-08-07 01:07:45.264133,612,28.43,998.93,49.1,62637.6
2024-08-07 01:08:45.992457,606,28.46,998.94,47.35,62961.1
2024-08-07 01:09:46.737850,610,28.43,998.91,48.32,63100.8
2024-08-07 01:10:47.492608,626,28.45,998.92,47.83,63382.0
2024-08-07 01:11:48.262433,614,28.39,998.93,49.76,63429.1
2024-08-07 01:12:48.995283,624,28.28,998.93,50.7,63054.2
2024-08-07 01:13:49.752783,608,28.33,998.93,48.23,63288.0
2024-08-07 01:14:50.475483,607,28.33,998.92,49.78,63288.0
2024-08-07 01:15:51.212450,605,28.35,998.94,48.31,63523.6
2024-08-07 01:16:51.988434,593,28.37,998.92,49.54,63665.8
2024-08-07 01:17:52.723986,631,28.32,998.92,50.32,63335.0
2024-08-07 01:18:53.463947,627,28.26,998.92,50.44,63241.1
2024-08-07 01:19:54.183113,616,28.31,998.89,48.18,63476.3
2024-08-07 01:20:54.873213,613,28.36,998.89,49.31,63523.6
2024-08-07 01:21:55.622468,621,28.44,998.89,47.73,63904.1
2024-08-07 01:22:56.352120,625,28.47,998.88,49.54,63570.9
2024-08-07 01:23:57.021524,612,28.43,998.89,50.01,63241.1
2024-08-07 01:24:57.814105,646,28.48,998.88,48.26,63570.9
2024-08-07 01:25:58.603654,633,28.48,998.89,48.7,63618.3
2024-08-07 01:26:59.406158,613,28.49,998.89,49.44,63241.1
2024-08-07 01:28:00.144352,634,28.46,998.92,49.48,63335.0
2024-08-07 01:29:00.824164,604,28.46,998.91,49.91,63570.9
2024-08-07 01:30:01.532312,630,28.44,998.92,49.12,63382.0
2024-08-07 01:31:02.304829,612,28.49,998.91,48.71,63476.3
2024-08-07 01:32:02.994627,617,28.51,998.9,48.96,63952.0
2024-08-07 01:33:03.733691,605,28.53,998.91,48.24,64000.0
2024-08-07 01:34:04.473399,626,28.5,998.94,49.93,63429.1
2024-08-07 01:35:05.233562,596,28.53,998.96,48.36,63904.1
2024-08-07 01:36:05.946815,616,28.59,998.93,48.83,64289.3
2024-08-07 01:37:06.706181,603,28.59,998.94,48.64,63760.9
2024-08-07 01:38:07.526149,601,28.57,998.96,48.78,63808.6
2024-08-07 01:39:08.224683,614,28.58,998.93,50.58,63570.9
2024-08-07 01:40:08.973635,613,28.62,998.94,51.3,63241.1
2024-08-07 01:41:09.673872,613,28.76,998.93,49.28,62775.9
2024-08-07 01:42:10.426496,608,28.87,998.91,49.46,62408.6
2024-08-07 01:43:11.253936,619,28.86,998.91,49.73,62591.7
2024-08-07 01:44:11.965121,633,28.86,998.9,47.86,62591.7
2024-08-07 01:45:12.675474,634,28.89,998.88,46.99,63100.8
2024-08-07 01:46:13.364301,621,28.92,998.88,46.63,63618.3
2024-08-07 01:47:14.103510,583,28.87,998.89,47.8,63665.8
2024-08-07 01:48:14.803085,578,28.89,998.85,46.51,64337.8
2024-08-07 01:49:15.554624,593,28.83,998.88,47.72,64434.9
2024-08-07 01:50:16.293144,595,28.81,998.84,46.27,64826.5
2024-08-07 01:51:17.042766,598,28.83,998.88,45.65,65322.8
2024-08-07 01:52:17.771291,597,28.82,998.86,46.23,65473.1
2024-08-07 01:53:18.523363,588,28.75,998.82,47.0,65422.9
2024-08-07 01:54:19.296443,640,28.7,998.83,46.74,65322.8
2024-08-07 01:55:20.003497,620,28.72,998.8,46.49,65725.3
2024-08-07 01:56:20.762381,601,28.65,998.82,48.48,65523.4
2024-08-07 01:57:21.441972,581,28.63,998.75,48.3,65422.9
2024-08-07 01:58:22.122104,598,28.57,998.79,51.09,64679.1
2024-08-07 01:59:22.872050,605,28.6,998.77,50.44,63856.3
2024-08-07 02:00:23.634203,583,28.58,998.77,51.57,63570.9
2024-08-07 02:01:24.388495,610,28.62,998.77,49.2,63335.0
2024-08-07 02:02:25.082744,590,28.69,998.78,47.51,63665.8
2024-08-07 02:03:25.833651,595,28.72,998.78,48.33,64192.6
2024-08-07 02:04:26.572391,598,28.71,998.8,47.13,64337.8
2024-08-07 02:05:27.305689,595,28.71,998.78,46.62,64630.1
2024-08-07 02:06:28.146917,617,28.62,998.78,48.09,64679.1
2024-08-07 02:07:28.812389,638,28.64,998.82,46.05,65573.8
2024-08-07 02:08:29.492663,612,28.63,998.8,46.81,65826.7
2024-08-07 02:09:30.323896,600,28.56,998.83,48.04,65725.3
2024-08-07 02:10:31.066637,600,28.58,998.86,46.9,66235.4
2024-08-07 02:11:31.803844,584,28.59,998.87,46.3,66597.3
2024-08-07 02:12:32.517757,588,28.58,998.89,47.56,66132.8
2024-08-07 02:13:33.242359,575,28.59,998.89,46.45,66493.5
2024-08-07 02:14:33.993779,579,28.54,998.89,47.99,66597.3
2024-08-07 02:15:34.736373,568,28.5,998.9,48.05,66753.6
2024-08-07 02:16:35.443908,581,28.47,998.92,47.82,66493.5
2024-08-07 02:17:36.193097,583,28.55,998.92,48.36,66753.6
2024-08-07 02:18:36.955293,573,28.65,998.9,49.88,65776.0
2024-08-07 02:19:37.682862,584,28.67,998.91,51.16,64925.2
2024-08-07 02:20:38.453302,589,28.66,998.91,49.49,65024.1
2024-08-07 02:21:39.243992,600,28.65,998.93,49.64,64826.5
2024-08-07 02:22:39.985492,596,28.62,998.89,48.91,64826.5
2024-08-07 02:23:40.744848,590,28.61,998.88,47.42,64974.6
2024-08-07 02:24:41.465088,623,28.52,998.9,49.08,65173.1
2024-08-07 02:25:42.344169,613,28.5,998.89,47.93,65725.3
2024-08-07 02:26:43.093755,582,28.55,998.89,45.72,66235.4
2024-08-07 02:27:43.873943,562,28.56,998.87,47.13,66493.5
2024-08-07 02:28:44.623362,569,28.62,998.87,46.27,67174.0
2024-08-07 02:29:45.293768,582,28.61,998.88,47.28,67439.4
2024-08-07 02:30:46.074091,604,28.61,998.89,46.66,67333.0
2024-08-07 02:31:46.834381,603,28.67,998.9,45.24,67760.7
2024-08-07 02:32:47.584486,615,28.64,998.9,48.95,67279.9
2024-08-07 02:33:48.312552,623,28.71,998.9,49.61,66545.4
2024-08-07 02:34:49.024151,610,28.73,998.88,51.17,65523.4
2024-08-07 02:35:49.755071,596,28.8,998.87,48.74,65322.8
2024-08-07 02:36:50.488594,598,28.85,998.89,48.24,65473.1
2024-08-07 02:37:51.214887,600,28.78,998.86,49.06,65422.9
2024-08-07 02:38:51.902201,601,28.73,998.86,48.13,65422.9
2024-08-07 02:39:52.632121,586,28.7,998.87,47.18,65877.5
2024-08-07 02:40:53.339593,595,28.69,998.87,47.21,66184.1
2024-08-07 02:41:54.032303,611,28.63,998.88,47.78,66441.7
2024-08-07 02:42:54.754840,613,28.6,998.86,46.83,66545.4
2024-08-07 02:43:55.543485,603,28.53,998.89,48.02,67068.4
2024-08-07 02:44:56.237147,575,28.56,998.89,46.31,67546.2
2024-08-07 02:45:56.962510,576,28.52,998.89,47.38,67174.0
2024-08-07 02:46:57.726701,582,28.51,998.88,48.04,67707.0
2024-08-07 02:47:58.442464,586,28.48,998.9,48.95,67174.0
2024-08-07 02:48:59.193000,589,28.49,998.91,49.99,66701.4
2024-08-07 02:49:59.912357,602,28.49,998.91,52.08,65674.7
2024-08-07 02:51:00.683739,615,28.53,998.9,50.75,65123.4
2024-08-07 02:52:01.467049,600,28.57,998.91,50.13,65123.4
2024-08-07 02:53:02.233174,601,28.65,998.9,48.34,65523.4
2024-08-07 02:54:02.963772,535,28.68,998.91,47.52,65573.8
2024-08-07 02:55:03.681776,571,28.65,998.91,48.81,65523.4
2024-08-07 02:56:04.399223,603,28.71,998.88,46.53,66286.9
2024-08-07 02:57:05.112458,600,28.66,998.87,47.79,66545.4
2024-08-07 02:58:05.883948,603,28.64,998.86,47.27,66649.3
2024-08-07 02:59:06.592960,606,28.61,998.8,47.22,66805.8
2024-08-07 03:00:07.365989,612,28.59,998.8,46.91,66858.2
2024-08-07 03:01:08.062398,581,28.68,998.78,48.42,66910.6
2024-08-07 03:02:08.753640,581,28.76,998.76,50.25,66184.1
2024-08-07 03:03:09.497510,583,28.82,998.75,48.92,66081.6
2024-08-07 03:04:10.218750,585,28.82,998.72,49.89,65222.9
2024-08-07 03:05:10.921885,598,28.82,998.7,49.01,65573.8
2024-08-07 03:06:11.602489,611,28.8,998.66,47.62,65674.7
2024-08-07 03:07:12.304506,596,28.8,998.64,48.22,65624.2
2024-08-07 03:08:12.985270,602,28.84,998.66,46.87,66235.4
2024-08-07 03:09:13.676456,593,28.84,998.62,46.8,66545.4
2024-08-07 03:10:14.425277,579,28.82,998.6,48.19,66597.3
2024-08-07 03:11:15.186269,565,28.8,998.55,47.96,66649.3
2024-08-07 03:12:15.964848,600,28.71,998.54,48.88,66338.4
2024-08-07 03:13:16.694206,607,28.77,998.54,46.24,66753.6
2024-08-07 03:14:17.447533,597,28.78,998.51,47.45,66805.8
2024-08-07 03:15:18.162133,616,28.8,998.49,47.58,66910.6
2024-08-07 03:16:18.931075,626,28.84,998.49,46.88,66963.1
2024-08-07 03:17:19.672579,619,28.88,998.47,46.52,67068.4
2024-08-07 03:18:20.393342,607,28.83,998.47,48.25,66805.8
2024-08-07 03:19:21.092165,597,28.77,998.42,49.28,66963.1
2024-08-07 03:20:21.901267,586,28.7,998.42,49.61,66441.7
2024-08-07 03:21:22.694983,597,28.69,998.4,48.41,66597.3
2024-08-07 03:22:23.406406,592,28.67,998.4,48.99,66338.4
2024-08-07 03:23:24.133395,585,28.73,998.38,47.28,66701.4
2024-08-07 03:24:24.885182,578,28.72,998.38,49.29,66493.5
2024-08-07 03:25:25.601997,597,28.75,998.36,47.59,66597.3
2024-08-07 03:26:26.351842,597,28.74,998.36,48.65,66545.4
2024-08-07 03:27:27.091155,603,28.72,998.38,48.36,66441.7
2024-08-07 03:28:27.803731,601,28.71,998.38,49.16,66597.3
2024-08-07 03:29:28.532934,581,28.71,998.35,49.27,66132.8
2024-08-07 03:30:29.272324,588,28.72,998.34,48.75,66286.9
2024-08-07 03:31:30.005460,593,28.74,998.32,48.54,66493.5
2024-08-07 03:32:30.736943,603,28.7,998.32,49.66,65877.5
2024-08-07 03:33:31.516566,591,28.73,998.3,48.9,65928.4
2024-08-07 03:34:32.302349,583,28.69,998.28,49.91,66235.4
2024-08-07 03:35:33.012879,594,28.62,998.27,49.37,65473.1
2024-08-07 03:36:33.733707,603,28.59,998.26,49.58,65877.5
2024-08-07 03:37:34.506475,610,28.52,998.27,50.39,65624.2
2024-08-07 03:38:35.214100,589,28.48,998.28,50.43,65573.8
2024-08-07 03:39:35.914211,573,28.47,998.27,49.84,65979.4
2024-08-07 03:40:36.652935,596,28.55,998.26,48.65,66081.6
2024-08-07 03:41:37.454836,603,28.53,998.26,50.22,65928.4
2024-08-07 03:42:38.153227,603,28.61,998.27,47.89,66132.8
2024-08-07 03:43:38.882836,598,28.64,998.29,49.12,66132.8
2024-08-07 03:44:39.664323,594,28.7,998.28,47.46,66030.4
2024-08-07 03:45:40.423644,623,28.77,998.25,48.35,66184.1
2024-08-07 03:46:41.163150,618,28.82,998.28,47.76,66338.4
2024-08-07 03:47:41.882758,609,28.79,998.25,49.26,66286.9
2024-08-07 03:48:42.642586,584,28.76,998.24,48.69,66081.6
2024-08-07 03:49:43.393685,601,28.76,998.24,47.39,66649.3
2024-08-07 03:50:44.172444,597,28.91,998.25,45.54,66910.6
2024-08-07 03:51:44.907164,573,28.95,998.24,47.24,66753.6
2024-08-07 03:52:45.684670,569,28.97,998.25,47.61,67121.1
2024-08-07 03:53:46.363376,598,28.95,998.27,47.8,67121.1
2024-08-07 03:54:47.113298,595,28.91,998.27,48.55,66910.6
2024-08-07 03:55:47.823001,591,28.88,998.31,48.52,66858.2
2024-08-07 03:56:48.592070,606,28.85,998.32,48.49,66858.2
2024-08-07 03:57:49.325710,623,28.8,998.31,49.21,66545.4
2024-08-07 03:58:50.114055,591,28.88,998.36,46.37,66963.1
2024-08-07 03:59:50.821639,561,28.85,998.36,49.02,66597.3
2024-08-07 04:00:51.624133,564,28.86,998.39,48.71,66701.4
2024-08-07 04:01:52.362026,589,28.86,998.39,48.63,66441.7
2024-08-07 04:02:53.093284,590,28.84,998.41,49.17,66545.4
2024-08-07 04:03:53.828452,601,28.85,998.4,48.34,66338.4
2024-08-07 04:04:54.553657,591,28.85,998.42,48.37,66235.4
2024-08-07 04:05:55.374985,602,28.85,998.42,48.32,66081.6
2024-08-07 04:06:56.063976,619,28.87,998.42,49.13,65928.4
2024-08-07 04:07:56.782358,637,28.94,998.41,47.73,66805.8
2024-08-07 04:08:57.549685,608,28.95,998.41,48.91,66132.8
2024-08-07 04:09:58.307647,598,29.02,998.42,48.41,66441.7
2024-08-07 04:10:59.095983,581,29.16,998.4,47.0,66805.8
2024-08-07 04:11:59.811979,584,29.19,998.37,48.0,66753.6
2024-08-07 04:13:00.566505,598,29.18,998.4,48.3,66338.4
2024-08-07 04:14:01.295078,600,29.12,998.39,48.47,66081.6
2024-08-07 04:15:02.002110,618,29.06,998.42,49.4,66132.8
2024-08-07 04:16:02.765698,616,29.07,998.42,47.5,65877.5
2024-08-07 04:17:03.524577,640,29.03,998.43,49.16,66030.4
2024-08-07 04:18:04.233949,584,28.99,998.4,49.0,65473.1
2024-08-07 04:19:05.014207,600,28.99,998.4,47.61,65826.7
2024-08-07 04:20:05.724239,618,28.95,998.4,49.56,65725.3
2024-08-07 04:21:06.432711,635,28.93,998.41,49.08,65523.4
2024-08-07 04:22:07.182277,602,28.9,998.43,49.84,65725.3
2024-08-07 04:23:07.882545,594,28.88,998.45,49.38,65272.8
2024-08-07 04:24:08.634377,590,28.94,998.47,48.06,65523.4
2024-08-07 04:25:09.374007,572,28.92,998.5,49.71,65322.8
2024-08-07 04:26:10.084561,575,28.93,998.51,49.07,65573.8
2024-08-07 04:27:10.781222,585,29.01,998.48,48.33,65826.7
2024-08-07 04:28:11.613837,610,29.05,998.52,48.0,65725.3
2024-08-07 04:29:12.385654,623,29.09,998.53,47.18,65776.0
2024-08-07 04:30:13.092441,585,29.07,998.54,49.26,65826.7
2024-08-07 04:31:13.791654,594,29.03,998.55,48.58,65674.7
2024-08-07 04:32:14.513099,590,29.04,998.55,48.16,65573.8
2024-08-07 04:33:15.261955,596,29.1,998.54,47.34,65624.2
2024-08-07 04:34:15.982809,582,29.08,998.56,49.26,65725.3
2024-08-07 04:35:16.652397,592,29.1,998.56,48.72,65826.7
2024-08-07 04:36:17.351836,607,29.15,998.55,47.24,65928.4
2024-08-07 04:37:18.082630,610,29.22,998.58,46.85,66286.9
2024-08-07 04:38:18.844893,579,29.27,998.57,47.74,66286.9
2024-08-07 04:39:19.606488,557,29.32,998.58,46.02,66597.3
2024-08-07 04:40:20.354066,575,29.33,998.57,48.19,66649.3
2024-08-07 04:41:21.114481,579,29.34,998.59,47.19,65979.4
2024-08-07 04:42:21.792121,580,29.23,998.61,49.58,66184.1
2024-08-07 04:43:22.574586,578,29.23,998.59,47.56,66441.7
2024-08-07 04:44:23.252677,545,29.19,998.57,48.98,66030.4
2024-08-07 04:45:23.931519,562,29.12,998.57,49.54,65523.4
2024-08-07 04:46:24.706493,568,29.1,998.57,48.4,65725.3
2024-08-07 04:47:25.397807,588,29.07,998.57,49.7,65674.7
2024-08-07 04:48:26.134601,600,29.21,998.6,46.27,65928.4
2024-08-07 04:49:26.945359,603,29.25,998.58,47.13,65928.4
2024-08-07 04:50:27.652514,596,29.3,998.55,47.51,66081.6
2024-08-07 04:51:28.388169,579,29.37,998.52,46.52,66338.4
2024-08-07 04:52:29.102485,603,29.38,998.52,47.95,66390.0
2024-08-07 04:53:29.835332,572,29.4,998.53,48.06,66286.9
2024-08-07 04:54:30.566565,582,29.33,998.51,48.7,65928.4
2024-08-07 04:55:31.264212,560,29.4,998.51,46.37,66132.8
2024-08-07 04:56:31.984395,589,29.41,998.51,47.89,66235.4
2024-08-07 04:57:32.711998,601,29.34,998.48,48.86,66184.1
2024-08-07 04:58:33.453485,579,29.33,998.49,48.1,66030.4
2024-08-07 04:59:34.216885,584,29.29,998.47,48.82,65928.4
2024-08-07 05:00:35.014183,591,29.38,998.45,46.92,66390.0
2024-08-07 05:01:35.712019,585,29.38,998.44,47.15,66030.4
2024-08-07 05:02:36.466932,584,29.43,998.45,46.97,66338.4
2024-08-07 05:03:37.172698,594,29.46,998.46,46.79,66286.9
2024-08-07 05:04:38.025091,575,29.47,998.45,46.45,66132.8
2024-08-07 05:05:38.834247,583,29.51,998.47,46.94,66597.3
2024-08-07 05:06:39.593778,609,29.52,998.48,46.74,66545.4
2024-08-07 05:07:40.344714,616,29.48,998.5,47.99,66338.4
2024-08-07 05:08:41.032917,585,29.47,998.53,46.92,66753.6
2024-08-07 05:09:41.753561,606,29.46,998.55,48.13,66649.3
2024-08-07 05:10:42.534936,610,29.43,998.55,47.98,66441.7
2024-08-07 05:11:43.273331,601,29.5,998.56,46.83,66649.3
2024-08-07 05:12:44.003436,571,29.49,998.56,47.39,66545.4
2024-08-07 05:13:44.712964,611,29.55,998.54,46.63,66753.6
2024-08-07 05:14:45.494231,572,29.52,998.53,48.29,66649.3
2024-08-07 05:15:46.202132,573,29.47,998.54,47.96,66649.3
2024-08-07 05:16:46.912200,571,29.48,998.54,47.29,66963.1
2024-08-07 05:17:47.671621,584,29.49,998.54,47.22,66753.6
2024-08-07 05:18:48.337066,617,29.46,998.56,47.48,66441.7
2024-08-07 05:19:49.077611,593,29.49,998.53,47.44,67121.1
2024-08-07 05:20:49.874381,595,29.48,998.54,47.89,66805.8
2024-08-07 05:21:50.702581,579,29.5,998.55,47.13,66701.4
2024-08-07 05:22:51.411905,613,29.53,998.56,46.49,67015.7
2024-08-07 05:23:52.092021,620,29.57,998.53,47.64,67068.4
2024-08-07 05:24:52.866860,578,29.61,998.57,46.47,66910.6
2024-08-07 05:25:53.621989,558,29.68,998.57,46.33,66910.6
2024-08-07 05:26:54.321908,595,29.69,998.58,46.23,67068.4
2024-08-07 05:27:54.993207,600,29.64,998.58,48.0,66858.2
2024-08-07 05:28:55.784554,577,29.65,998.58,47.04,67068.4
2024-08-07 05:29:56.534327,583,29.62,998.61,46.94,67121.1
2024-08-07 05:30:57.271819,585,29.64,998.62,46.37,67386.2
2024-08-07 05:31:57.982759,602,29.64,998.64,47.17,67121.1
2024-08-07 05:32:58.716214,597,29.56,998.62,48.29,67279.9
2024-08-07 05:33:59.432030,575,29.64,998.66,45.93,68030.8
2024-08-07 05:35:00.142374,595,29.73,998.68,45.66,67386.2
2024-08-07 05:36:00.907675,583,29.78,998.67,45.71,68303.1
2024-08-07 05:37:01.603500,571,29.8,998.7,45.97,67174.0
2024-08-07 05:38:02.302543,587,29.81,998.69,45.82,67599.7
2024-08-07 05:39:03.063748,597,29.82,998.7,46.65,67599.7
2024-08-07 05:40:03.792086,576,29.85,998.7,45.32,67653.3
2024-08-07 05:41:04.522133,592,29.81,998.72,47.38,67599.7
2024-08-07 05:42:05.263625,616,29.76,998.68,46.84,67492.7
2024-08-07 05:43:05.963045,618,29.66,998.69,47.77,67121.1
2024-08-07 05:44:06.718527,615,29.58,998.68,48.0,67174.0
2024-08-07 05:45:07.473275,579,29.52,998.68,48.32,67226.9
2024-08-07 05:46:08.195102,592,29.45,998.67,47.97,67279.9
2024-08-07 05:47:08.940629,595,29.37,998.67,48.06,67121.1
2024-08-07 05:48:09.632622,601,29.44,998.68,45.9,67492.7
2024-08-07 05:49:10.312519,593,29.46,998.68,46.0,67976.6
2024-08-07 05:50:11.012292,582,29.47,998.68,47.17,67922.5
2024-08-07 05:51:11.710230,615,29.46,998.68,47.05,67922.5
2024-08-07 05:52:12.439744,616,29.45,998.67,46.65,68467.5
2024-08-07 05:53:13.194983,596,29.49,998.7,46.39,68412.6
2024-08-07 05:54:13.934105,601,29.5,998.68,46.02,68577.6
2024-08-07 05:55:14.644468,625,29.54,998.68,45.4,68522.5
2024-08-07 05:56:15.394927,615,29.6,998.71,46.33,68467.5
2024-08-07 05:57:16.094047,616,29.69,998.74,44.98,68798.7
2024-08-07 05:58:16.851792,605,29.73,998.74,46.41,68909.8
2024-08-07 05:59:17.522669,579,29.7,998.75,46.51,68522.5
2024-08-07 06:00:18.242771,583,29.63,998.75,47.02,68412.6
2024-08-07 06:01:18.994376,604,29.55,998.75,48.37,68303.1
2024-08-07 06:02:19.742668,573,29.53,998.77,46.77,68193.9
2024-08-07 06:03:20.474658,592,29.49,998.77,48.17,68467.5
2024-08-07 06:04:21.163688,603,29.43,998.76,48.2,68303.1
2024-08-07 06:05:21.992130,621,29.47,998.78,46.62,68248.5
2024-08-07 06:06:22.728323,582,29.49,998.75,46.98,68357.8
2024-08-07 06:07:23.492168,596,29.54,998.74,46.11,68577.6
2024-08-07 06:08:24.242678,571,29.69,998.73,44.75,69470.8
2024-08-07 06:09:25.005296,573,29.75,998.72,45.67,68632.7
2024-08-07 06:10:25.743563,575,29.77,998.71,45.72,68577.6
2024-08-07 06:11:26.495177,594,29.8,998.75,44.6,68248.5
2024-08-07 06:12:27.314253,573,29.75,998.72,46.25,68965.5
2024-08-07 06:13:28.003474,569,29.74,998.73,45.83,68798.7
2024-08-07 06:14:28.747076,575,29.78,998.73,44.53,69245.3
2024-08-07 06:15:29.496827,583,29.78,998.74,45.41,69189.2
2024-08-07 06:16:30.203447,560,29.7,998.75,47.56,69301.6
2024-08-07 06:17:30.942097,569,29.68,998.76,46.47,68909.8
2024-08-07 06:18:31.661865,553,29.62,998.75,46.87,69133.1
2024-08-07 06:19:32.341883,559,29.66,998.75,46.41,68798.7
2024-08-07 06:20:33.071788,582,29.65,998.77,46.46,68854.2
2024-08-07 06:21:33.802776,582,29.68,998.77,46.42,69077.2
2024-08-07 06:22:34.530654,609,29.58,998.77,48.29,68688.0
2024-08-07 06:23:35.231880,579,29.53,998.76,47.42,68577.6
2024-08-07 06:24:35.942027,576,29.53,998.76,46.65,69077.2
2024-08-07 06:25:36.632946,583,29.62,998.8,45.57,69245.3
2024-08-07 06:26:37.290204,582,29.68,998.8,45.04,69245.3
2024-08-07 06:27:37.971778,608,29.68,998.79,46.4,69584.1
2024-08-07 06:28:38.743686,596,29.65,998.82,45.67,69754.8
2024-08-07 06:29:39.534068,604,29.66,998.8,45.62,69697.8
2024-08-07 06:30:40.259647,567,29.73,998.8,44.38,69811.8
2024-08-07 06:31:40.973332,553,29.67,998.81,46.86,69697.8
2024-08-07 06:32:41.721649,599,29.74,998.8,44.47,69926.2
2024-08-07 06:33:42.516509,588,29.7,998.79,46.82,69584.1
2024-08-07 06:34:43.234837,566,29.69,998.79,45.96,69527.4
2024-08-07 06:35:44.031977,555,29.68,998.81,46.65,69697.8
2024-08-07 06:36:44.990332,548,29.68,998.81,46.04,69640.9
2024-08-07 06:37:45.765415,556,29.55,998.83,48.82,69021.3
2024-08-07 06:38:46.439770,568,29.37,998.82,49.71,68798.7
2024-08-07 06:39:47.222314,576,29.21,998.89,49.64,68577.6
2024-08-07 06:40:47.937670,540,29.16,998.88,48.93,68303.1
2024-08-07 06:41:48.633388,513,29.15,998.88,48.32,68798.7
2024-08-07 06:42:49.372685,549,29.09,998.89,49.13,68909.8
2024-08-07 06:43:50.104094,523,29.18,998.9,46.09,68798.7
2024-08-07 06:44:50.813635,526,29.16,998.9,48.51,69133.1
2024-08-07 06:45:51.554385,528,29.12,998.91,47.79,68798.7
2024-08-07 06:46:52.262734,538,29.2,998.9,45.86,69470.8
2024-08-07 06:47:53.024316,529,29.18,998.9,48.15,69754.8
2024-08-07 06:48:53.752584,518,29.1,998.91,48.57,69133.1
2024-08-07 06:49:54.522364,523,29.06,998.93,47.77,69869.0
2024-08-07 06:50:55.212750,514,29.0,998.91,47.97,69869.0
2024-08-07 06:51:55.943313,516,28.89,998.93,49.8,69301.6
2024-08-07 06:52:56.685075,537,28.72,998.95,51.5,68965.5
2024-08-07 06:53:57.413521,539,28.53,998.96,52.72,68577.6
2024-08-07 06:54:58.157247,547,28.35,998.95,53.51,67707.0
2024-08-07 06:55:58.936714,541,28.19,998.96,54.03,67653.3
2024-08-07 06:56:59.653115,547,28.03,998.95,54.58,66649.3
2024-08-07 06:58:00.391745,522,27.9,999.0,54.94,66286.9
2024-08-07 06:59:01.142071,486,27.78,998.98,55.16,66235.4
2024-08-07 07:00:01.863081,499,27.67,998.96,55.48,65826.7
2024-08-07 07:01:02.543243,530,27.58,998.99,55.56,65674.7
2024-08-07 07:02:03.293661,518,27.51,999.0,55.61,65523.4
2024-08-07 07:03:04.003406,508,27.46,999.01,55.93,65422.9
2024-08-07 07:04:04.761948,561,27.41,999.02,56.01,64925.2
2024-08-07 07:05:05.534412,571,27.37,999.05,56.05,64925.2
2024-08-07 07:06:06.314512,556,27.33,999.06,56.19,65173.1
2024-08-07 07:07:07.031392,537,27.19,999.07,57.48,64679.1
2024-08-07 07:08:07.742085,534,27.02,999.08,58.37,65073.7
2024-08-07 07:09:08.486581,547,26.84,999.08,58.63,64192.6
2024-08-07 07:10:09.232363,568,26.65,999.09,59.04,64144.3
2024-08-07 07:11:09.982957,559,26.47,999.1,59.43,64532.4
2024-08-07 07:12:10.632370,553,26.32,999.08,59.9,64728.2
2024-08-07 07:13:11.353317,566,26.16,999.08,60.26,64000.0
2024-08-07 07:14:12.071476,554,26.12,999.06,58.09,64826.5
2024-08-07 07:15:12.838053,538,26.13,999.11,56.41,65725.3
2024-08-07 07:16:13.644126,552,26.17,999.11,54.82,66493.5
2024-08-07 07:17:14.445279,520,26.19,999.09,53.88,67492.7
2024-08-07 07:18:15.123469,523,26.19,999.1,53.36,68522.5
2024-08-07 07:19:15.864789,569,26.18,999.1,52.49,69527.4
2024-08-07 07:20:16.594705,528,26.16,999.1,51.79,70387.7
2024-08-07 07:21:17.335522,539,26.15,999.11,51.2,71508.4
2024-08-07 07:22:18.002747,531,26.15,999.11,50.12,72789.3
2024-08-07 07:23:18.712139,549,26.1,999.06,49.92,73101.1
2024-08-07 07:24:19.402104,571,26.13,999.09,49.29,74245.9
2024-08-07 07:25:20.122049,575,26.28,999.05,48.03,74897.6
2024-08-07 07:26:20.866463,559,26.5,999.04,46.87,75694.9
2024-08-07 07:27:21.572308,573,26.76,999.04,46.07,75829.4
2024-08-07 07:28:22.285278,563,27.03,999.02,45.6,75964.4
2024-08-07 07:29:23.031590,543,27.28,999.03,45.29,76167.8
2024-08-07 07:30:23.779968,543,27.52,999.03,44.79,75964.4
2024-08-07 07:31:24.534631,570,27.73,998.99,44.74,76032.1
2024-08-07 07:32:25.272185,572,27.92,999.0,44.72,75627.8
2024-08-07 07:33:25.952331,598,28.1,999.02,44.81,75829.4
2024-08-07 07:34:26.713040,623,28.26,999.03,44.99,75294.1
2024-08-07 07:35:27.382805,640,28.4,999.01,45.01,74831.9
2024-08-07 07:36:28.122422,618,28.52,999.03,44.96,74570.3
2024-08-07 07:37:28.874095,612,28.64,999.06,44.86,74181.4
2024-08-07 07:38:29.574092,614,28.74,999.02,44.8,74052.6
2024-08-07 07:39:30.293830,601,28.84,999.05,44.78,73605.5
2024-08-07 07:40:31.002416,601,28.93,999.05,44.82,73542.1
2024-08-07 07:41:31.752833,594,29.02,999.06,44.66,73415.5
2024-08-07 07:42:32.496439,596,29.11,999.04,44.59,73101.1
2024-08-07 07:43:33.152101,575,29.19,999.04,44.62,73415.5
2024-08-07 07:44:33.891544,586,29.27,999.05,44.59,73415.5
2024-08-07 07:45:34.582565,598,29.34,999.04,44.57,73289.4
2024-08-07 07:46:35.292134,601,29.41,999.04,44.37,73163.8
2024-08-07 07:47:36.084373,631,29.47,999.04,44.43,73038.5
2024-08-07 07:48:36.784378,603,29.52,999.0,44.52,72851.5
2024-08-07 07:49:37.489054,576,29.58,998.99,44.56,72851.5
2024-08-07 07:50:38.188329,601,29.63,999.01,44.49,72665.3
2024-08-07 07:51:38.934129,598,29.69,998.99,44.49,72665.3
2024-08-07 07:52:39.664821,574,29.74,998.99,44.45,72603.5
2024-08-07 07:53:40.386533,590,29.79,998.97,44.49,73101.1
2024-08-07 07:54:41.145285,602,29.83,998.98,44.48,72789.3
2024-08-07 07:55:41.872706,600,29.87,998.99,44.4,72173.7
2024-08-07 07:56:42.573720,565,29.91,998.96,44.45,73101.1
2024-08-07 07:57:43.334017,568,29.95,998.95,44.41,72357.3
2024-08-07 07:58:44.043472,582,29.99,998.99,44.48,73101.1
2024-08-07 07:59:44.742024,585,30.03,998.97,44.41,72357.3
2024-08-07 08:00:45.473741,568,30.07,998.94,44.45,72665.3
2024-08-07 08:01:46.153512,576,30.11,998.93,44.34,73038.5
2024-08-07 08:02:46.901900,575,30.14,998.93,44.36,71748.9
2024-08-07 08:03:47.686390,563,30.18,998.96,44.36,72296.0
2024-08-07 08:04:48.436405,553,30.21,998.97,44.31,72418.7
2024-08-07 08:05:49.152369,562,30.24,998.97,44.33,72234.8
2024-08-07 08:06:49.872849,570,30.28,998.99,44.21,72296.0
2024-08-07 08:07:50.531994,539,30.33,998.99,44.11,72234.8
2024-08-07 08:08:51.231815,571,30.37,999.0,44.03,71991.0
2024-08-07 08:09:52.014467,587,30.41,999.03,44.07,71991.0
2024-08-07 08:10:52.682019,563,30.45,999.04,44.02,72173.7
2024-08-07 08:11:53.374587,564,30.48,999.04,43.96,72296.0
2024-08-07 08:12:54.134489,551,30.52,999.05,43.85,71568.4
2024-08-07 08:13:54.868890,555,30.55,999.05,43.9,71869.7
2024-08-07 08:14:55.611773,558,30.57,999.07,43.85,72480.2
2024-08-07 08:15:56.372907,536,30.6,999.07,43.79,72051.8
2024-08-07 08:16:57.091933,515,30.63,999.04,43.75,72112.7
2024-08-07 08:17:57.869395,535,30.66,999.05,43.72,72665.3
2024-08-07 08:18:58.539648,545,30.69,999.02,43.75,72173.7
2024-08-07 08:19:59.307313,537,30.71,999.04,43.66,72051.8
2024-08-07 08:21:00.062305,544,30.74,999.03,43.66,72112.7
2024-08-07 08:22:00.824131,541,30.77,999.04,43.59,71991.0
2024-08-07 08:23:01.542444,525,30.79,999.04,43.66,71869.7
2024-08-07 08:24:02.231949,547,30.82,999.06,43.61,71869.7
2024-08-07 08:25:02.901364,527,30.85,999.07,43.48,71930.3
2024-08-07 08:26:03.571602,514,30.88,999.06,43.46,71869.7
2024-08-07 08:27:04.282163,518,30.91,999.06,43.45,71869.7
2024-08-07 08:28:04.982570,512,30.94,999.1,43.44,72296.0
2024-08-07 08:29:05.722877,527,30.97,999.09,43.38,72112.7
2024-08-07 08:30:06.464156,516,31.0,999.08,43.4,71568.4
2024-08-07 08:31:07.153896,511,31.03,999.08,43.35,71991.0
2024-08-07 08:32:07.872198,522,31.07,999.05,43.32,71809.3
2024-08-07 08:33:08.674140,512,31.09,999.07,43.37,71748.9
2024-08-07 08:34:09.423984,513,31.12,999.05,43.34,71930.3
2024-08-07 08:35:10.115331,508,31.14,999.06,43.45,71869.7
2024-08-07 08:36:10.823754,481,31.17,999.05,43.46,72051.8
2024-08-07 08:37:11.604984,500,31.2,999.05,43.49,71930.3
2024-08-07 08:38:12.332017,499,31.23,999.03,43.49,72051.8
2024-08-07 08:39:13.023331,487,31.25,999.02,43.46,72051.8
2024-08-07 08:40:13.722589,481,31.27,999.02,43.5,71991.0
2024-08-07 08:41:14.447634,510,31.29,999.02,43.49,71930.3
2024-08-07 08:42:15.191966,520,31.32,999.04,43.44,72173.7
2024-08-07 08:43:15.872331,473,31.34,999.06,43.45,71809.3
2024-08-07 08:44:16.581720,483,31.37,999.05,43.42,72112.7
2024-08-07 08:45:17.334566,507,31.4,999.08,43.46,71688.6
2024-08-07 08:46:18.117033,489,31.43,999.07,43.38,71748.9
2024-08-07 08:47:18.813290,505,31.45,999.06,43.46,71869.7
2024-08-07 08:48:19.594601,519,31.47,999.08,43.52,71869.7
2024-08-07 08:49:20.265767,502,31.49,999.07,43.62,71628.4
2024-08-07 08:50:20.993577,478,31.51,999.07,43.6,71869.7
2024-08-07 08:51:21.703688,478,31.54,999.13,43.54,72051.8
2024-08-07 08:52:22.411923,481,31.56,999.13,43.52,72051.8
2024-08-07 08:53:23.121363,476,31.58,999.15,43.5,71508.4
2024-08-07 08:54:23.825432,488,31.61,999.15,43.5,71688.6
2024-08-07 08:55:24.542946,492,31.63,999.17,43.49,71688.6
2024-08-07 08:56:25.273687,491,31.65,999.18,43.53,71210.0
2024-08-07 08:57:25.992292,483,31.67,999.19,43.54,71388.7
2024-08-07 08:58:26.742187,483,31.69,999.21,43.57,71508.4
2024-08-07 08:59:27.472156,473,31.7,999.22,43.64,71568.4
2024-08-07 09:00:28.185721,466,31.71,999.2,43.63,71388.7
2024-08-07 09:01:28.944865,466,31.73,999.23,43.59,71748.9
2024-08-07 09:02:29.745117,467,31.76,999.24,43.59,71568.4
2024-08-07 09:03:30.424244,461,31.78,999.24,43.58,71508.4
2024-08-07 09:04:31.201981,460,31.79,999.22,43.56,71210.0
2024-08-07 09:05:31.935081,474,31.82,999.23,43.64,71508.4
2024-08-07 09:06:32.644051,450,31.84,999.22,43.59,71688.6
2024-08-07 09:07:33.395498,457,31.87,999.21,43.51,71329.1
2024-08-07 09:08:34.166932,470,31.88,999.22,43.59,71329.1
2024-08-07 09:09:34.926497,468,31.9,999.21,43.56,71388.7
2024-08-07 09:10:35.691693,450,31.92,999.18,43.58,71329.1
2024-08-07 09:11:36.395032,465,31.93,999.2,43.58,71329.1
2024-08-07 09:12:37.143936,486,31.95,999.19,43.53,71448.5
2024-08-07 09:13:37.792008,489,31.98,999.17,43.49,71748.9
2024-08-07 09:14:38.532662,472,32.0,999.19,43.45,71150.6
2024-08-07 09:15:39.242752,468,32.02,999.18,43.5,71210.0
2024-08-07 09:16:39.943215,458,32.04,999.18,43.52,71269.5
2024-08-07 09:17:40.733187,425,32.05,999.15,43.55,71269.5
2024-08-07 09:18:41.525039,438,32.07,999.15,43.6,70973.1
2024-08-07 09:19:42.305133,446,32.09,999.14,43.53,70973.1
2024-08-07 09:20:42.993378,432,32.11,999.14,43.5,71210.0
2024-08-07 09:21:43.700152,431,32.13,999.13,43.44,71091.4
2024-08-07 09:22:44.412058,440,32.15,999.11,43.48,71388.7
2024-08-07 09:23:45.144029,443,32.18,999.09,43.48,71150.6
2024-08-07 09:24:45.824796,434,32.2,999.11,43.48,71269.5
2024-08-07 09:25:46.613578,464,32.21,999.07,43.58,71210.0
2024-08-07 09:26:47.304514,481,32.23,999.05,43.5,70973.1
2024-08-07 09:27:48.001987,458,32.25,999.05,43.51,71210.0
2024-08-07 09:28:48.703061,449,32.27,999.04,43.66,71210.0
2024-08-07 09:29:49.403112,456,32.29,999.05,43.63,71210.0
2024-08-07 09:30:50.134362,442,32.31,999.07,43.55,71388.7
2024-08-07 09:31:50.841998,433,32.33,999.07,43.59,70973.1
2024-08-07 09:32:51.566735,442,32.34,999.06,43.62,71388.7
2024-08-07 09:33:52.312329,436,32.36,999.07,43.54,70973.1
2024-08-07 09:34:53.013087,413,32.38,999.06,43.45,71032.2
2024-08-07 09:35:53.704223,417,32.4,999.05,43.45,71508.4
2024-08-07 09:36:54.364877,418,32.42,999.01,43.52,71091.4
2024-08-07 09:37:55.044354,410,32.44,999.03,43.42,71150.6
2024-08-07 09:38:55.771911,431,32.45,999.0,43.51,71388.7
2024-08-07 09:39:56.494328,430,32.47,999.0,43.56,71329.1
2024-08-07 09:40:57.228333,435,32.48,998.99,43.54,71269.5
2024-08-07 09:41:58.004439,455,32.49,998.97,43.51,71210.0
2024-08-07 09:42:58.771855,429,32.5,998.99,43.54,70973.1
2024-08-07 09:43:59.545465,427,32.51,998.96,43.45,71150.6
2024-08-07 09:45:00.308606,434,32.53,998.95,43.48,71210.0
2024-08-07 09:46:01.136258,439,32.55,998.94,43.29,71150.6
2024-08-07 09:47:01.891800,436,32.58,998.94,43.28,71091.4
2024-08-07 09:48:02.611688,425,32.6,998.93,43.27,70973.1
2024-08-07 09:49:03.374820,422,32.61,998.95,43.3,71032.2
2024-08-07 09:50:04.181465,416,32.63,998.95,43.28,70973.1
2024-08-07 09:51:04.893910,410,32.64,998.93,43.24,71091.4
2024-08-07 09:52:05.632718,410,32.65,998.94,43.24,70796.5
2024-08-07 09:53:06.454358,410,32.67,998.94,43.17,70796.5
2024-08-07 09:54:07.162337,410,32.68,998.91,43.2,70737.8
2024-08-07 09:55:07.973728,418,32.69,998.95,43.12,70973.1
2024-08-07 09:56:08.663254,421,32.7,998.95,43.15,70562.3
2024-08-07 09:57:09.483240,438,32.71,998.94,43.11,71210.0
2024-08-07 09:58:10.205361,426,32.72,998.91,43.15,70620.7
2024-08-07 09:59:10.947533,413,32.74,998.91,43.04,70504.0
2024-08-07 10:00:11.623293,422,32.76,998.89,42.85,70855.2
2024-08-07 10:01:12.453751,427,32.78,998.89,42.87,71091.4
2024-08-07 10:02:13.183641,417,32.8,998.88,42.91,70796.5
2024-08-07 10:03:13.884477,419,32.81,998.87,42.87,71329.1
2024-08-07 10:04:14.563138,418,32.83,998.85,42.83,71269.5
2024-08-07 10:05:15.252294,410,32.85,998.83,42.72,71032.2
2024-08-07 10:06:15.942175,410,32.86,998.82,42.76,71150.6
2024-08-07 10:07:16.682861,421,32.88,998.8,42.82,71388.7
2024-08-07 10:08:17.353500,410,32.89,998.81,42.81,71032.2
2024-08-07 10:09:18.083342,410,32.9,998.78,42.82,71150.6
2024-08-07 10:10:18.783168,410,32.91,998.78,42.83,71329.1
2024-08-07 10:11:19.475652,410,32.92,998.75,42.81,71388.7
2024-08-07 10:12:20.162904,410,32.94,998.73,42.74,72357.3
2024-08-07 10:13:20.881396,410,32.95,998.74,42.91,71869.7
2024-08-07 10:14:21.615778,410,32.96,998.71,42.87,72727.3
2024-08-07 10:15:22.353893,410,32.98,998.69,42.84,72913.7
2024-08-07 10:16:23.135086,410,32.99,998.7,43.02,72789.3
2024-08-07 10:17:23.874163,410,33.0,998.65,42.94,73605.5
2024-08-07 10:18:24.572181,410,33.02,998.63,43.02,73669.1
2024-08-07 10:19:25.344342,416,33.03,998.61,42.97,74052.6
2024-08-07 10:20:26.051467,415,33.05,998.59,42.93,74245.9
2024-08-07 10:21:26.753017,411,33.06,998.55,42.94,74440.2
2024-08-07 10:22:27.536482,410,33.08,998.55,42.92,74440.2
2024-08-07 10:23:28.252511,410,33.09,998.57,42.9,73860.4
2024-08-07 10:24:28.974381,410,33.11,998.57,42.86,74375.4
2024-08-07 10:25:29.662443,409,33.12,998.55,42.86,73669.1
2024-08-07 10:26:30.392027,409,33.13,998.54,42.81,74181.4
2024-08-07 10:27:31.148544,410,33.15,998.55,42.79,74052.6
2024-08-07 10:28:31.910780,410,33.16,998.52,42.77,73669.1
2024-08-07 10:29:32.644821,410,33.17,998.52,42.78,73796.5
2024-08-07 10:30:33.323972,410,33.18,998.49,42.68,73796.5
2024-08-07 10:31:34.031348,409,33.2,998.48,42.7,73605.5
2024-08-07 10:32:34.826470,410,33.21,998.48,42.65,73226.5
2024-08-07 10:33:35.624787,417,33.22,998.44,42.71,73352.4
2024-08-07 10:34:36.374971,410,33.23,998.43,42.76,73924.3
2024-08-07 10:35:37.116443,410,33.24,998.39,42.62,73542.1
2024-08-07 10:36:37.833937,409,33.25,998.37,42.62,73415.5
2024-08-07 10:37:38.634078,410,33.26,998.34,42.56,73478.8
2024-08-07 10:38:39.406615,409,33.28,998.34,42.47,73352.4
2024-08-07 10:39:40.233739,410,33.3,998.34,42.41,72727.3
2024-08-07 10:40:40.986602,410,33.32,998.31,42.37,73289.4
2024-08-07 10:41:41.743854,409,33.33,998.31,42.51,72851.5
2024-08-07 10:42:42.514477,409,33.36,998.3,42.25,72727.3
2024-08-07 10:43:43.202001,410,33.37,998.3,42.29,73038.5
2024-08-07 10:44:43.943974,410,33.39,998.29,42.26,72976.1
2024-08-07 10:45:44.667803,409,33.4,998.27,42.35,72727.3
2024-08-07 10:46:45.423317,410,33.4,998.24,42.65,72727.3
2024-08-07 10:47:46.113584,411,33.4,998.2,42.41,72665.3
2024-08-07 10:48:46.852534,410,33.41,998.21,42.4,72789.3
2024-08-07 10:49:47.521617,410,33.42,998.18,42.38,73038.5
2024-08-07 10:50:48.212086,409,33.44,998.17,42.22,73038.5
2024-08-07 10:51:48.916474,409,33.46,998.17,42.24,72976.1
2024-08-07 10:52:49.613559,409,33.47,998.14,42.24,72480.2
2024-08-07 10:53:50.392420,410,33.48,998.17,42.22,72789.3
2024-08-07 10:54:51.134365,410,33.48,998.15,42.24,72357.3
2024-08-07 10:55:51.787267,410,33.49,998.15,42.24,72851.5
2024-08-07 10:56:52.501623,409,33.51,998.15,42.16,72603.5
2024-08-07 10:57:53.212519,409,33.52,998.12,42.12,72789.3
2024-08-07 10:58:53.934258,410,33.54,998.11,42.12,72913.7
2024-08-07 10:59:54.659044,409,33.55,998.11,42.1,72913.7
2024-08-07 11:00:55.352050,409,33.56,998.08,42.18,72789.3
2024-08-07 11:01:56.073355,409,33.57,998.05,42.17,72789.3
2024-08-07 11:02:56.834087,409,33.58,998.04,42.13,73038.5
2024-08-07 11:03:57.565849,408,33.6,998.04,42.08,73101.1
2024-08-07 11:04:58.322342,409,33.62,998.03,42.01,73542.1
2024-08-07 11:05:59.051842,409,33.64,998.02,41.94,73163.8
2024-08-07 11:06:59.774407,409,33.66,998.04,41.96,73988.4
2024-08-07 11:08:00.493000,409,33.67,998.04,41.94,73796.5
2024-08-07 11:09:01.296390,409,33.69,998.0,41.9,73732.7
2024-08-07 11:10:02.054166,409,33.7,997.99,41.94,73732.7
2024-08-07 11:11:02.824090,409,33.71,997.99,42.02,73988.4
2024-08-07 11:12:03.545469,409,33.72,997.98,42.04,74635.6
2024-08-07 11:13:04.311631,409,33.73,997.96,42.08,74963.4
2024-08-07 11:14:05.084358,409,33.74,997.96,42.06,75095.3
2024-08-07 11:15:05.764847,409,33.75,997.95,42.16,75161.5
2024-08-07 11:16:06.633975,409,33.76,997.96,42.09,75494.0
2024-08-07 11:17:07.406354,409,33.76,997.95,42.2,75360.6
2024-08-07 11:18:08.201554,409,33.76,997.95,42.19,75762.1
2024-08-07 11:19:09.015705,409,33.77,997.95,42.22,75227.7
2024-08-07 11:20:09.784420,409,33.78,997.95,42.16,75095.3
2024-08-07 11:21:10.502263,409,33.79,997.93,42.0,75494.0
2024-08-07 11:22:11.192112,409,33.81,997.93,41.99,75294.1
2024-08-07 11:23:11.934660,409,33.81,997.95,41.99,75227.7
2024-08-07 11:24:12.725843,408,33.83,997.92,41.96,75095.3
2024-08-07 11:25:13.412671,409,33.84,997.91,41.95,75227.7
2024-08-07 11:26:14.161573,409,33.86,997.94,41.98,75227.7
2024-08-07 11:27:14.842311,408,33.87,997.94,41.95,75029.3
2024-08-07 11:28:15.563939,409,33.89,997.92,41.93,74766.4
2024-08-07 11:29:16.302821,409,33.9,997.95,42.03,75161.5
2024-08-07 11:30:17.001772,408,33.91,997.91,41.95,75095.3
2024-08-07 11:31:17.723466,409,33.93,997.9,41.95,75694.9
2024-08-07 11:32:18.463233,408,33.94,997.89,42.04,75964.4
2024-08-07 11:33:19.183535,408,33.96,997.87,41.98,76099.9
2024-08-07 11:34:19.944365,409,33.97,997.85,42.09,76992.5
2024-08-07 11:35:20.714359,408,33.98,997.85,42.11,76923.1
2024-08-07 11:36:21.422112,408,33.99,997.82,41.98,77271.4
2024-08-07 11:37:22.142425,409,34.0,997.83,42.01,76992.5
2024-08-07 11:38:22.874352,409,34.0,997.82,42.08,76715.6
2024-08-07 11:39:23.624162,409,34.01,997.79,41.96,76372.3
2024-08-07 11:40:24.402030,409,34.02,997.8,42.28,76304.0
2024-08-07 11:41:25.162340,408,34.02,997.77,41.92,76235.9
2024-08-07 11:42:25.927668,408,34.04,997.78,41.8,75762.1
2024-08-07 11:43:26.642317,410,34.04,997.76,41.91,75829.4
2024-08-07 11:44:27.341789,409,34.05,997.75,42.03,75494.0
2024-08-07 11:45:28.094969,409,34.06,997.78,41.88,75494.0
2024-08-07 11:46:28.796966,409,34.06,997.77,41.87,75227.7
2024-08-07 11:47:29.565287,409,34.08,997.76,41.73,75494.0
2024-08-07 11:48:30.322148,409,34.1,997.78,41.8,74831.9
2024-08-07 11:49:31.022493,409,34.11,997.76,41.83,74963.4
2024-08-07 11:50:31.784647,408,34.12,997.78,41.8,74766.4
2024-08-07 11:51:32.545268,409,34.13,997.76,41.78,74831.9
2024-08-07 11:52:33.212676,409,34.15,997.76,41.68,74897.6
2024-08-07 11:53:33.921973,409,34.16,997.75,41.65,74897.6
2024-08-07 11:54:34.562711,408,34.18,997.74,41.62,75294.1
2024-08-07 11:55:35.325140,409,34.19,997.72,41.66,75360.6
2024-08-07 11:56:36.055293,409,34.2,997.64,41.58,74766.4
2024-08-07 11:57:36.764850,409,34.21,997.61,41.51,74897.6
2024-08-07 11:58:37.514096,408,34.23,997.61,41.54,75029.3
2024-08-07 11:59:38.232862,409,34.24,997.63,41.61,75494.0
2024-08-07 12:00:38.934951,408,34.25,997.59,41.55,75427.2
2024-08-07 12:01:39.719261,408,34.26,997.6,41.47,75294.1
2024-08-07 12:02:40.412748,409,34.26,997.59,41.62,75227.7
2024-08-07 12:03:41.104588,408,34.27,997.58,41.53,75294.1
2024-08-07 12:04:41.842102,409,34.28,997.58,41.41,75829.4
2024-08-07 12:05:42.562782,409,34.29,997.57,41.46,75427.2
2024-08-07 12:06:43.313708,408,34.3,997.58,41.45,74963.4
2024-08-07 12:07:44.014463,409,34.31,997.57,41.44,75161.5
2024-08-07 12:08:44.702387,408,34.32,997.54,41.38,74963.4
2024-08-07 12:09:45.484362,408,34.33,997.53,41.23,75427.2
2024-08-07 12:10:46.232484,409,34.34,997.53,41.27,74963.4
2024-08-07 12:11:47.034150,409,34.36,997.51,41.2,74831.9
2024-08-07 12:12:47.785113,408,34.37,997.5,41.17,75095.3
2024-08-07 12:13:48.532484,409,34.37,997.49,41.34,74700.9
2024-08-07 12:14:49.327965,408,34.38,997.48,41.35,75227.7
2024-08-07 12:15:50.090819,408,34.39,997.46,41.33,75896.8
2024-08-07 12:16:50.762064,409,34.4,997.44,41.35,76099.9
2024-08-07 12:17:51.524337,408,34.41,997.46,41.29,76440.7
2024-08-07 12:18:52.283697,409,34.42,997.45,41.33,77201.4
2024-08-07 12:19:53.091697,409,34.43,997.46,41.38,77764.3
2024-08-07 12:20:53.813771,409,34.45,997.48,41.21,77977.5
2024-08-07 12:21:54.556131,408,34.46,997.45,41.23,78048.8
2024-08-07 12:22:55.243692,409,34.47,997.46,41.2,77764.3
2024-08-07 12:23:56.024039,408,34.48,997.45,41.26,77835.2
2024-08-07 12:24:56.784927,408,34.49,997.45,41.26,77411.6
2024-08-07 12:25:57.533995,409,34.49,997.43,41.16,77622.8
2024-08-07 12:26:58.293932,408,34.5,997.45,41.24,77201.4
2024-08-07 12:27:59.064437,408,34.52,997.42,41.09,77481.8
2024-08-07 12:28:59.834241,408,34.53,997.42,41.12,77131.7
2024-08-07 12:30:00.567162,408,34.54,997.4,41.14,76577.9
2024-08-07 12:31:01.313988,409,34.55,997.42,41.16,76099.9
2024-08-07 12:32:02.097743,408,34.56,997.39,41.08,76235.9
2024-08-07 12:33:02.872679,408,34.56,997.39,41.13,75896.8
2024-08-07 12:34:03.624474,408,34.57,997.37,41.12,75896.8
2024-08-07 12:35:04.363893,408,34.57,997.36,41.14,75829.4
2024-08-07 12:36:05.153665,408,34.58,997.34,41.18,75896.8
2024-08-07 12:37:05.833240,409,34.58,997.32,41.18,75829.4
2024-08-07 12:38:06.644829,408,34.59,997.32,41.07,75964.4
2024-08-07 12:39:07.446541,408,34.6,997.3,41.36,76167.8
2024-08-07 12:40:08.216413,408,34.61,997.3,41.13,76167.8
2024-08-07 12:41:08.935936,408,34.62,997.28,41.07,76032.1
2024-08-07 12:42:09.655788,409,34.63,997.26,41.0,76099.9
2024-08-07 12:43:10.372809,409,34.64,997.23,41.0,75829.4
2024-08-07 12:44:11.138487,409,34.65,997.26,40.97,76099.9
2024-08-07 12:45:11.832890,408,34.66,997.25,40.87,75896.8
2024-08-07 12:46:12.606249,408,34.67,997.21,40.88,75560.8
2024-08-07 12:47:13.293255,408,34.68,997.21,40.84,75360.6
2024-08-07 12:48:14.034142,408,34.69,997.19,40.92,75560.8
2024-08-07 12:49:14.835504,408,34.7,997.16,40.89,75494.0
2024-08-07 12:50:15.594830,408,34.7,997.15,40.86,75029.3
2024-08-07 12:51:16.329500,408,34.72,997.15,40.69,74700.9
2024-08-07 12:52:17.064410,409,34.73,997.14,40.71,74310.6
2024-08-07 12:53:17.794318,409,34.74,997.12,40.78,74052.6
2024-08-07 12:54:18.524346,408,34.74,997.14,40.76,74181.4
2024-08-07 12:55:19.325474,408,34.75,997.14,40.8,74052.6
2024-08-07 12:56:20.042114,408,34.76,997.12,40.77,73542.1
2024-08-07 12:57:20.823469,409,34.77,997.15,40.73,73732.7
2024-08-07 12:58:21.531823,409,34.77,997.14,40.72,73796.5
2024-08-07 12:59:22.228179,408,34.78,997.11,40.71,73732.7
2024-08-07 13:00:22.963256,408,34.78,997.11,41.0,73415.5
2024-08-07 13:01:23.728601,408,34.78,997.13,40.71,73289.4
2024-08-07 13:02:24.464086,408,34.8,997.12,40.59,73163.8
2024-08-07 13:03:25.234830,409,34.81,997.13,40.61,73038.5
2024-08-07 13:04:25.992531,408,34.82,997.1,40.66,72851.5
2024-08-07 13:05:26.744337,408,34.83,997.13,40.6,73163.8
2024-08-07 13:06:27.452668,408,34.84,997.11,40.58,73038.5
2024-08-07 13:07:28.193495,408,34.85,997.11,40.59,73101.1
2024-08-07 13:08:28.902956,408,34.86,997.09,40.53,73226.5
2024-08-07 13:09:29.704580,409,34.87,997.09,40.6,73289.4
2024-08-07 13:10:30.392069,408,34.9,997.07,40.37,73415.5
2024-08-07 13:11:31.102583,408,34.91,997.07,40.48,73352.4
2024-08-07 13:12:31.842452,408,34.92,997.04,40.45,73542.1
2024-08-07 13:13:32.511502,407,34.92,997.03,40.49,73415.5
2024-08-07 13:14:33.282511,408,34.93,997.04,40.48,73542.1
2024-08-07 13:15:34.044795,408,34.94,997.03,40.52,73669.1
2024-08-07 13:16:34.763588,407,34.95,997.04,40.54,73988.4
2024-08-07 13:17:35.502772,408,34.96,997.03,40.44,73924.3
2024-08-07 13:18:36.231699,409,34.97,997.04,40.48,73988.4
2024-08-07 13:19:37.000553,409,34.98,997.04,40.47,73796.5
2024-08-07 13:20:37.692109,408,34.98,997.04,40.52,73988.4
2024-08-07 13:21:38.347479,408,34.99,997.05,40.49,74245.9
2024-08-07 13:22:39.062093,408,34.99,997.04,40.54,74181.4
2024-08-07 13:23:39.774498,407,35.0,997.02,40.52,74245.9
2024-08-07 13:24:40.462651,408,35.01,997.02,40.58,74570.3
2024-08-07 13:25:41.152482,408,35.02,996.99,40.46,74897.6
2024-08-07 13:26:41.914100,408,35.03,997.03,40.46,74766.4
2024-08-07 13:27:42.602022,408,35.04,997.01,40.73,74897.6
2024-08-07 13:28:43.352875,408,35.06,997.01,40.4,75227.7
2024-08-07 13:29:44.093289,407,35.07,997.01,40.39,75360.6
2024-08-07 13:30:44.753428,408,35.08,996.99,40.44,75227.7
2024-08-07 13:31:45.492018,408,35.09,997.0,40.39,75627.8
2024-08-07 13:32:46.249641,408,35.1,996.98,40.4,74831.9
2024-08-07 13:33:46.972025,407,35.11,996.98,40.25,74700.9
2024-08-07 13:34:47.722447,408,35.12,996.95,40.23,74700.9
2024-08-07 13:35:48.475413,408,35.13,996.96,40.3,74570.3
2024-08-07 13:36:49.223129,407,35.14,996.94,40.24,74635.6
2024-08-07 13:37:49.988013,408,35.15,996.93,40.3,74440.2
2024-08-07 13:38:50.692682,408,35.15,996.95,40.22,74117.0
2024-08-07 13:39:51.413856,409,35.16,996.94,40.22,74181.4
2024-08-07 13:40:52.192415,408,35.16,996.94,40.24,74052.6
2024-08-07 13:41:52.924359,408,35.17,996.94,40.28,73669.1
2024-08-07 13:42:53.603555,408,35.18,996.94,40.19,73542.1
2024-08-07 13:43:54.354922,408,35.19,996.94,40.12,73796.5
2024-08-07 13:44:55.081997,408,35.2,996.9,40.12,73796.5
2024-08-07 13:45:55.892587,408,35.21,996.91,40.13,73924.3
2024-08-07 13:46:56.617978,408,35.22,996.89,40.18,73796.5
2024-08-07 13:47:57.354830,408,35.23,996.88,40.25,73924.3
2024-08-07 13:48:58.084820,408,35.23,996.91,40.22,73988.4
2024-08-07 13:49:58.842104,407,35.25,996.88,40.17,74181.4
2024-08-07 13:50:59.564031,408,35.25,996.89,40.23,74831.9
2024-08-07 13:52:00.284210,408,35.26,996.88,40.37,74570.3
2024-08-07 13:53:01.074473,408,35.27,996.9,40.14,74700.9
2024-08-07 13:54:01.844126,408,35.28,996.89,40.23,75161.5
2024-08-07 13:55:02.593883,408,35.28,996.88,40.21,74766.4
2024-08-07 13:56:03.321691,408,35.29,996.91,40.2,74700.9
2024-08-07 13:57:04.094559,408,35.29,996.91,40.25,74505.2
2024-08-07 13:58:04.874027,407,35.3,996.91,40.13,74375.4
2024-08-07 13:59:05.644695,407,35.31,996.91,40.2,74310.6
2024-08-07 14:00:06.384357,409,35.33,996.93,40.03,75360.6
2024-08-07 14:01:07.126688,409,35.34,996.95,40.22,74700.9
2024-08-07 14:02:07.916461,408,35.35,996.95,40.02,74440.2
2024-08-07 14:03:08.650116,409,35.36,996.96,39.94,74570.3
2024-08-07 14:04:09.362307,408,35.37,996.95,40.06,74440.2
2024-08-07 14:05:10.126328,408,35.37,996.94,40.13,74700.9
2024-08-07 14:06:10.851523,407,35.37,996.95,40.15,74700.9
2024-08-07 14:07:11.586603,408,35.38,996.96,40.07,74440.2
2024-08-07 14:08:12.291617,408,35.39,996.95,40.09,75029.3
2024-08-07 14:09:13.054239,408,35.4,996.97,40.09,74963.4
2024-08-07 14:10:13.771855,408,35.41,996.95,40.0,74831.9
2024-08-07 14:11:14.594398,408,35.41,996.93,40.16,74897.6
2024-08-07 14:12:15.314092,408,35.42,996.98,40.17,75227.7
2024-08-07 14:13:16.053944,408,35.43,996.96,39.97,75161.5
2024-08-07 14:14:16.836569,408,35.44,996.97,40.02,74766.4
2024-08-07 14:15:17.533947,408,35.45,996.97,40.09,74310.6
2024-08-07 14:16:18.201787,408,35.47,996.98,39.99,74766.4
2024-08-07 14:17:18.926517,408,35.49,996.98,39.92,75360.6
2024-08-07 14:18:19.673217,408,35.51,996.99,39.91,75494.0
2024-08-07 14:19:20.414663,408,35.52,997.0,39.93,75427.2
2024-08-07 14:20:21.104677,408,35.53,996.99,40.01,75762.1
2024-08-07 14:21:21.816498,408,35.54,997.01,39.87,75360.6
2024-08-07 14:22:22.582445,409,35.56,997.01,39.86,75694.9
2024-08-07 14:23:23.303049,408,35.57,996.97,39.77,74831.9
2024-08-07 14:24:23.971640,408,35.58,996.96,39.8,75161.5
2024-08-07 14:25:24.713531,408,35.59,996.94,39.74,74635.6
2024-08-07 14:26:25.419737,408,35.6,996.94,39.89,74440.2
2024-08-07 14:27:26.162047,407,35.61,996.93,39.79,74245.9
2024-08-07 14:28:26.872586,408,35.61,996.92,39.86,73732.7
2024-08-07 14:29:27.572559,409,35.6,996.92,40.21,73542.1
2024-08-07 14:30:28.342781,408,35.6,996.93,40.13,73163.8
2024-08-07 14:31:29.041497,407,35.59,996.91,39.99,72789.3
2024-08-07 14:32:29.752024,408,35.6,996.91,39.91,72234.8
2024-08-07 14:33:30.574362,408,35.6,996.94,40.01,71628.4
2024-08-07 14:34:31.345502,408,35.61,996.92,40.06,71748.9
2024-08-07 14:35:32.125726,408,35.62,996.95,39.97,71628.4
2024-08-07 14:36:32.834021,408,35.64,996.95,39.93,71748.9
2024-08-07 14:37:33.531712,408,35.66,996.92,39.89,71388.7
2024-08-07 14:38:34.252547,408,35.64,996.93,40.36,71032.2
2024-08-07 14:39:34.942428,408,35.64,996.91,40.42,71448.5
2024-08-07 14:40:35.692038,408,35.65,996.88,40.08,71329.1
2024-08-07 14:41:36.363158,408,35.66,996.88,40.03,70855.2
2024-08-07 14:42:37.065280,407,35.68,996.86,40.1,70796.5
2024-08-07 14:43:37.822923,408,35.69,996.86,39.93,70620.7
2024-08-07 14:44:38.562340,408,35.71,996.85,39.96,70387.7
2024-08-07 14:45:39.341701,409,35.72,996.85,39.86,70156.2
2024-08-07 14:46:40.079389,409,35.73,996.83,39.83,70271.8
2024-08-07 14:47:40.803494,409,35.75,996.82,39.79,69811.8
2024-08-07 14:48:41.514368,409,35.76,996.79,39.92,69869.0
2024-08-07 14:49:42.274211,408,35.75,996.78,40.09,69245.3
2024-08-07 14:50:43.063092,407,35.75,996.79,40.11,69697.8
2024-08-07 14:51:43.814172,408,35.76,996.81,40.07,69470.8
2024-08-07 14:52:44.532318,409,35.77,996.81,40.02,69584.1
2024-08-07 14:53:45.276491,408,35.77,996.79,40.03,69414.3
2024-08-07 14:54:46.043002,408,35.78,996.82,40.04,69077.2
2024-08-07 14:55:46.762451,408,35.79,996.79,40.03,69021.3
2024-08-07 14:56:47.504194,408,35.8,996.8,40.09,69357.9
2024-08-07 14:57:48.284209,408,35.81,996.79,40.12,69021.3
2024-08-07 14:58:49.086603,408,35.81,996.8,40.26,69021.3
2024-08-07 14:59:49.793756,407,35.82,996.78,40.12,69021.3
2024-08-07 15:00:50.544395,408,35.83,996.8,40.01,69245.3
2024-08-07 15:01:51.322961,408,35.85,996.79,39.9,69357.9
2024-08-07 15:02:52.132316,408,35.87,996.77,39.81,69133.1
2024-08-07 15:03:52.874343,408,35.88,996.75,40.11,69357.9
2024-08-07 15:04:53.574914,408,35.88,996.76,39.88,69584.1
2024-08-07 15:05:54.282174,408,35.89,996.73,39.84,70156.2
2024-08-07 15:06:54.995850,408,35.9,996.72,39.94,69301.6
2024-08-07 15:07:55.714814,408,35.91,996.72,39.82,69584.1
2024-08-07 15:08:56.504189,408,35.92,996.7,39.81,69811.8
2024-08-07 15:09:57.202151,408,35.93,996.73,39.82,70213.9
2024-08-07 15:10:57.923315,408,35.93,996.69,39.8,70271.8
2024-08-07 15:11:58.571502,409,35.94,996.68,39.69,70329.7
2024-08-07 15:12:59.286640,408,35.94,996.7,39.67,69357.9
2024-08-07 15:14:00.045158,408,35.95,996.67,39.64,69357.9
2024-08-07 15:15:00.713260,408,35.96,996.65,39.63,69470.8
2024-08-07 15:16:01.497068,408,35.96,996.63,39.62,69640.9
2024-08-07 15:17:02.223748,409,35.96,996.63,39.68,69021.3
2024-08-07 15:18:02.914138,409,35.97,996.65,39.52,69077.2
2024-08-07 15:19:03.602461,408,35.98,996.64,39.52,69021.3
2024-08-07 15:20:04.322170,409,35.99,996.65,39.53,68854.2
2024-08-07 15:21:05.074088,408,36.0,996.63,39.44,69245.3
2024-08-07 15:22:05.762892,408,36.01,996.66,39.4,69077.2
2024-08-07 15:23:06.504213,409,36.02,996.63,39.39,68909.8
2024-08-07 15:24:07.212119,409,36.01,996.65,39.59,68467.5
2024-08-07 15:25:07.901923,409,36.01,996.66,39.5,68248.5
2024-08-07 15:26:08.604375,408,36.01,996.66,39.49,67814.6
2024-08-07 15:27:09.334659,408,36.01,996.65,39.38,67707.0
2024-08-07 15:28:10.094983,409,36.02,996.63,39.38,67976.6
2024-08-07 15:29:10.781958,408,36.03,996.65,39.38,67760.7
2024-08-07 15:30:11.485313,408,36.04,996.63,39.37,67279.9
2024-08-07 15:31:12.181724,408,36.05,996.63,39.34,67492.7
2024-08-07 15:32:12.871912,408,36.06,996.62,39.34,67386.2
2024-08-07 15:33:13.599640,408,36.07,996.62,39.45,67546.2
2024-08-07 15:34:14.311661,408,36.07,996.62,39.48,67333.0
2024-08-07 15:35:15.002021,409,36.08,996.6,39.36,67922.5
2024-08-07 15:36:15.712406,408,36.09,996.61,39.29,67386.2
2024-08-07 15:37:16.482352,408,36.1,996.61,39.26,67976.6
2024-08-07 15:38:17.223501,408,36.11,996.59,39.32,67868.5
2024-08-07 15:39:17.982736,408,36.12,996.57,39.31,67226.9
2024-08-07 15:40:18.702129,408,36.13,996.57,39.19,67976.6
2024-08-07 15:41:19.392355,408,36.15,996.56,39.23,67814.6
2024-08-07 15:42:20.113623,408,36.16,996.58,39.31,67386.2
2024-08-07 15:43:20.812811,408,36.16,996.59,39.35,67653.3
2024-08-07 15:44:21.512714,408,36.17,996.61,39.29,67707.0
2024-08-07 15:45:22.222946,408,36.19,996.63,39.24,67653.3
2024-08-07 15:46:22.997195,408,36.2,996.62,39.38,67174.0
2024-08-07 15:47:23.763093,408,36.21,996.64,39.34,67068.4
2024-08-07 15:48:24.471555,408,36.22,996.62,39.47,67492.7
2024-08-07 15:49:25.175452,408,36.23,996.61,39.42,67492.7
2024-08-07 15:50:25.934488,408,36.23,996.63,39.43,66910.6
2024-08-07 15:51:26.664540,408,36.23,996.63,39.46,67121.1
2024-08-07 15:52:27.341986,408,36.24,996.62,39.39,67174.0
2024-08-07 15:53:28.126368,409,36.25,996.63,39.38,66753.6
2024-08-07 15:54:28.842504,408,36.27,996.62,39.25,67121.1
2024-08-07 15:55:29.604697,408,36.29,996.61,39.4,67121.1
2024-08-07 15:56:30.332756,409,36.29,996.63,39.44,66805.8
2024-08-07 15:57:31.022716,409,36.3,996.63,39.38,66701.4
2024-08-07 15:58:31.752971,408,36.31,996.62,39.23,66858.2
2024-08-07 15:59:32.442634,409,36.32,996.6,39.34,66805.8
2024-08-07 16:00:33.192294,408,36.32,996.59,39.3,66545.4
2024-08-07 16:01:33.913752,409,36.33,996.6,39.33,66338.4
2024-08-07 16:02:34.641821,409,36.34,996.56,39.35,66286.9
2024-08-07 16:03:35.342595,408,36.35,996.57,39.2,66441.7
2024-08-07 16:04:36.044669,408,36.37,996.53,39.14,66235.4
2024-08-07 16:05:36.761206,409,36.37,996.54,39.37,66030.4
2024-08-07 16:06:37.554974,408,36.37,996.51,39.35,65725.3
2024-08-07 16:07:38.285405,408,36.36,996.51,39.3,65725.3
2024-08-07 16:08:39.023507,409,36.37,996.53,39.27,65624.2
2024-08-07 16:09:39.807661,408,36.38,996.51,39.19,65523.4
2024-08-07 16:10:40.565013,409,36.4,996.56,39.21,65322.8
2024-08-07 16:11:41.292845,409,36.41,996.55,39.23,65573.8
2024-08-07 16:12:42.049759,409,36.41,996.56,39.43,65073.7
2024-08-07 16:13:42.792338,409,36.42,996.57,39.37,65422.9
2024-08-07 16:14:43.504696,408,36.43,996.56,39.27,65826.7
2024-08-07 16:15:44.324057,408,36.44,996.58,39.23,65222.9
2024-08-07 16:16:45.051993,409,36.45,996.57,39.21,65422.9
2024-08-07 16:17:45.764891,408,36.47,996.57,39.09,65372.8
2024-08-07 16:18:46.522072,408,36.49,996.56,39.11,65322.8
2024-08-07 16:19:47.238667,409,36.51,996.56,39.14,65523.4
2024-08-07 16:20:47.977113,409,36.52,996.57,39.15,65272.8
2024-08-07 16:21:48.682453,408,36.52,996.57,39.15,65073.7
2024-08-07 16:22:49.351514,409,36.53,996.55,39.13,65123.4
2024-08-07 16:23:50.053539,409,36.53,996.57,39.15,65024.1
2024-08-07 16:24:50.752461,407,36.54,996.57,39.22,64974.6
2024-08-07 16:25:51.452378,409,36.54,996.56,39.13,64679.1
2024-08-07 16:26:52.204502,409,36.54,996.56,39.04,64728.2
2024-08-07 16:27:52.923321,409,36.55,996.53,38.93,64679.1
2024-08-07 16:28:53.633333,409,36.56,996.56,38.93,64728.2
2024-08-07 16:29:54.403420,408,36.56,996.56,38.96,64289.3
2024-08-07 16:30:55.174690,409,36.57,996.56,39.04,64048.0
2024-08-07 16:31:55.906453,408,36.58,996.59,38.98,64337.8
2024-08-07 16:32:56.582526,409,36.59,996.63,38.87,64192.6
2024-08-07 16:33:57.331845,409,36.6,996.63,38.99,63952.0
2024-08-07 16:34:58.042743,408,36.61,996.63,38.86,63952.0
2024-08-07 16:35:58.743638,408,36.61,996.66,38.77,64192.6
2024-08-07 16:36:59.486206,408,36.62,996.67,38.98,64096.1
2024-08-07 16:38:00.212498,408,36.63,996.65,38.89,63713.3
2024-08-07 16:39:00.954379,409,36.64,996.67,38.95,63904.1
2024-08-07 16:40:01.685010,409,36.65,996.66,39.02,63856.3
2024-08-07 16:41:02.412488,408,36.65,996.65,39.05,64337.8
2024-08-07 16:42:03.094376,408,36.66,996.66,39.05,63952.0
2024-08-07 16:43:03.761720,408,36.66,996.64,38.96,63952.0
2024-08-07 16:44:04.462675,408,36.67,996.63,39.02,63904.1
2024-08-07 16:45:05.186243,409,36.67,996.61,38.99,64096.1
2024-08-07 16:46:05.913385,410,36.68,996.62,38.92,64000.0
2024-08-07 16:47:06.593823,409,36.69,996.61,38.81,64144.3
2024-08-07 16:48:07.273196,408,36.69,996.6,38.93,63713.3
2024-08-07 16:49:08.025779,408,36.7,996.62,38.79,63618.3
2024-08-07 16:50:08.746906,408,36.71,996.62,38.8,63523.6
2024-08-07 16:51:09.462287,408,36.71,996.62,38.88,63665.8
2024-08-07 16:52:10.265316,408,36.72,996.64,38.92,63194.3
2024-08-07 16:53:11.066247,408,36.72,996.65,39.03,63429.1
2024-08-07 16:54:11.762859,408,36.72,996.64,38.85,63288.0
2024-08-07 16:55:12.511735,408,36.71,996.66,38.93,63147.5
2024-08-07 16:56:13.254539,409,36.71,996.67,38.92,63194.3
2024-08-07 16:57:13.983660,409,36.72,996.69,38.68,63335.0
2024-08-07 16:58:14.743188,409,36.72,996.68,38.72,63952.0
2024-08-07 16:59:15.484853,409,36.73,996.67,38.64,63760.9
2024-08-07 17:00:16.244733,409,36.74,996.68,38.45,63665.8
2024-08-07 17:01:16.934180,408,36.74,996.68,38.57,64000.0
2024-08-07 17:02:17.674589,408,36.75,996.68,38.65,63904.1
2024-08-07 17:03:18.343425,409,36.74,996.69,38.8,63476.3
2024-08-07 17:04:19.136326,409,36.75,996.67,38.62,63904.1
2024-08-07 17:05:19.985005,408,36.75,996.66,38.64,63570.9
2024-08-07 17:06:20.774044,408,36.75,996.65,38.63,63523.6
2024-08-07 17:07:21.472285,408,36.76,996.66,38.66,63523.6
2024-08-07 17:08:22.173924,409,36.77,996.63,38.61,63476.3
2024-08-07 17:09:22.974838,409,36.78,996.64,38.53,63382.0
2024-08-07 17:10:23.682501,409,36.79,996.62,38.62,64144.3
2024-08-07 17:11:24.382565,409,36.8,996.66,38.55,63570.9
2024-08-07 17:12:25.112159,408,36.8,996.65,38.75,63429.1
2024-08-07 17:13:25.799554,409,36.8,996.67,38.68,63570.9
2024-08-07 17:14:26.482532,409,36.81,996.66,38.55,63856.3
2024-08-07 17:15:27.183538,409,36.82,996.68,38.45,63760.9
2024-08-07 17:16:27.904062,408,36.83,996.69,38.48,63760.9
2024-08-07 17:17:28.639405,408,36.83,996.7,38.42,63523.6
2024-08-07 17:18:29.321866,408,36.84,996.7,38.55,63476.3
2024-08-07 17:19:30.031845,408,36.84,996.72,38.42,63760.9
2024-08-07 17:20:30.764595,408,36.85,996.71,38.45,63429.1
2024-08-07 17:21:31.491741,408,36.86,996.69,38.42,63476.3
2024-08-07 17:22:32.202431,408,36.86,996.71,38.45,63523.6
2024-08-07 17:23:32.882441,409,36.87,996.7,38.23,63570.9
2024-08-07 17:24:33.583453,409,36.85,996.7,39.92,63952.0
2024-08-07 17:25:34.394641,408,36.55,996.7,39.8,64096.1
2024-08-07 17:26:35.112098,409,36.09,996.69,41.08,65322.8
2024-08-07 17:27:35.882295,409,35.6,996.67,41.78,66441.7
2024-08-07 17:28:36.572145,409,35.14,996.67,41.97,66963.1
2024-08-07 17:29:37.351844,410,34.69,996.66,42.38,68357.8
2024-08-07 17:30:38.052454,409,34.29,996.66,42.63,69021.3
2024-08-07 17:31:38.762723,410,33.92,996.65,42.84,70329.7
2024-08-07 17:32:39.511859,410,33.59,996.64,42.95,71032.2
2024-08-07 17:33:40.212195,410,33.31,996.64,42.84,71748.9
2024-08-07 17:34:40.972045,423,33.08,996.62,42.38,72665.3
2024-08-07 17:35:41.703884,474,32.84,996.61,42.49,73860.4
2024-08-07 17:36:42.492782,410,32.63,996.63,42.14,74700.9
2024-08-07 17:37:43.192456,410,32.46,996.64,41.78,76304.0
2024-08-07 17:38:43.984212,410,32.31,996.63,41.66,76646.7
2024-08-07 17:39:44.702866,419,32.13,996.63,41.76,77764.3
2024-08-07 17:40:45.383624,418,31.95,996.62,41.49,78914.9
2024-08-07 17:41:46.113967,445,31.79,996.62,41.44,80025.0
2024-08-07 17:42:46.884122,413,31.61,996.6,41.54,80553.8
2024-08-07 17:43:47.537237,415,31.45,996.59,41.42,81321.5
2024-08-07 17:44:48.254665,436,31.3,996.59,41.16,82500.8
2024-08-07 17:45:48.941806,413,31.16,996.6,41.05,82580.6
2024-08-07 17:46:49.711699,422,30.99,996.59,41.28,84796.3
2024-08-07 17:47:50.402024,455,30.81,996.56,41.99,84880.6
2024-08-07 17:48:51.164953,460,30.62,996.56,42.37,84628.1
2024-08-07 17:49:51.922409,450,30.44,996.54,42.64,85304.9
2024-08-07 17:50:52.642459,436,30.22,996.54,43.34,85647.4
2024-08-07 17:51:53.362787,435,30.03,996.54,43.81,86079.4
2024-08-07 17:52:54.134435,438,29.88,996.57,43.77,86779.7
2024-08-07 17:53:54.872576,429,29.76,996.6,43.61,86956.5
2024-08-07 17:54:55.594544,451,29.67,996.6,43.55,87223.2
2024-08-07 17:55:56.312379,436,29.53,996.63,43.67,87851.8
2024-08-07 17:56:57.073946,412,29.38,996.63,44.03,87671.2
2024-08-07 17:57:57.834025,436,29.26,996.68,44.04,88123.9
2024-08-07 17:58:58.623561,439,29.12,996.68,44.25,89136.5
2024-08-07 17:59:59.332162,449,29.0,996.69,44.24,88858.0
2024-08-07 18:01:00.063195,452,28.88,996.73,44.34,89793.1
2024-08-07 18:02:00.824795,463,28.72,996.73,44.8,90459.4
2024-08-07 18:03:01.562130,443,28.6,996.74,44.65,90172.6
2024-08-07 18:04:02.312116,457,28.47,996.75,44.88,90748.0
2024-08-07 18:05:03.083732,440,28.39,996.76,44.72,91038.4
2024-08-07 18:06:03.816223,444,28.31,996.77,44.69,91428.6
2024-08-07 18:07:04.492489,441,28.24,996.79,44.56,91526.6
2024-08-07 18:08:05.202399,455,28.14,996.8,44.68,92519.0
2024-08-07 18:09:05.902103,471,28.05,996.78,44.76,93858.8
2024-08-07 18:10:06.611991,454,27.97,996.82,44.83,94377.9
2024-08-07 18:11:07.395065,436,27.9,996.85,44.95,94065.8
2024-08-07 18:12:08.115739,438,27.85,996.85,44.77,94744.6
2024-08-07 18:13:08.851752,466,27.79,996.88,44.73,95220.4
2024-08-07 18:14:09.586617,448,27.71,996.91,44.89,95326.8
2024-08-07 18:15:10.322152,436,27.6,996.91,45.37,95008.4
2024-08-07 18:16:11.025070,445,27.48,996.95,45.58,95754.6
2024-08-07 18:17:11.756444,470,27.39,996.94,45.51,96132.2
2024-08-07 18:18:12.461675,474,27.32,996.98,45.42,96622.0
2024-08-07 18:19:13.244077,469,27.24,996.99,45.34,97505.2
2024-08-07 18:20:14.024206,470,27.18,997.03,45.43,97840.6
2024-08-07 18:21:14.783555,458,27.13,997.03,45.49,98291.4
2024-08-07 18:22:15.482294,445,27.06,997.02,45.43,97952.9
2024-08-07 18:23:16.264158,460,26.96,997.04,45.89,98178.3
2024-08-07 18:24:17.007039,473,26.88,997.06,45.59,98518.4
2024-08-07 18:25:17.725076,440,26.82,997.06,45.41,98746.4
2024-08-07 18:26:18.444369,456,26.76,997.1,45.42,99436.8
2024-08-07 18:27:19.203730,450,26.71,997.15,45.3,99785.6
2024-08-07 18:28:20.012630,458,26.67,997.17,45.51,100490.7
2024-08-07 18:29:20.762336,431,26.61,997.21,45.6,100787.4
2024-08-07 18:30:21.512592,430,26.54,997.22,45.8,100787.4
2024-08-07 18:31:22.242987,431,26.47,997.22,45.92,101992.0
2024-08-07 18:32:22.977642,432,26.4,997.24,46.03,101809.5
2024-08-07 18:33:23.794212,446,26.33,997.28,46.13,102053.0
2024-08-07 18:34:24.511801,457,26.26,997.25,46.18,102543.6
2024-08-07 18:35:25.302613,451,26.18,997.27,46.36,102728.7
2024-08-07 18:36:26.012676,480,26.11,997.27,46.47,103163.4
2024-08-07 18:37:26.722394,461,26.04,997.27,46.38,102914.6
2024-08-07 18:38:27.482678,439,25.98,997.3,46.38,103413.5
2024-08-07 18:39:28.212650,423,25.92,997.31,46.5,103664.7
2024-08-07 18:40:28.944449,432,25.88,997.35,46.52,104234.5
2024-08-07 18:41:29.943704,444,25.82,997.41,46.66,104553.8
2024-08-07 18:42:30.725171,441,25.76,997.43,46.68,105198.3
2024-08-07 18:43:31.868117,443,25.7,997.43,46.82,104553.8
2024-08-07 18:44:32.622450,438,25.66,997.46,46.79,104682.1
2024-08-07 18:45:33.647813,451,25.62,997.48,46.78,105133.5
2024-08-07 18:46:34.443475,463,25.59,997.49,46.76,105133.5
2024-08-07 18:47:35.152285,465,25.53,997.48,46.89,105263.2
2024-08-07 18:48:35.834429,433,25.47,997.47,47.0,105198.3
2024-08-07 18:49:36.595050,433,25.4,997.47,47.08,105328.1
2024-08-07 18:50:37.363013,430,25.34,997.45,47.15,105458.3
2024-08-07 18:51:38.096540,438,25.28,997.45,47.41,105588.8
2024-08-07 18:52:38.874184,461,25.23,997.42,47.61,105850.7
2024-08-07 18:53:39.583359,469,25.2,997.44,48.2,105004.1
2024-08-07 18:54:40.314689,458,25.16,997.41,48.17,105068.7
2024-08-07 18:55:41.033298,484,25.16,997.4,48.49,105133.5
2024-08-07 18:56:41.770322,481,25.3,997.4,45.91,106114.0
2024-08-07 18:57:42.534806,454,25.47,997.38,44.28,107315.0
2024-08-07 18:58:43.294061,465,25.61,997.4,43.79,108474.6
2024-08-07 18:59:44.084222,483,25.65,997.41,43.92,109659.5
2024-08-07 19:00:44.813171,451,25.65,997.44,43.91,110798.5
2024-08-07 19:01:45.493293,435,25.62,997.47,43.98,111668.5
2024-08-07 19:02:46.192421,460,25.56,997.46,44.04,112256.1
2024-08-07 19:03:46.963370,486,25.53,997.47,43.53,113149.2
2024-08-07 19:04:47.695107,479,25.5,997.47,43.67,112552.2
2024-08-07 19:05:48.345838,468,25.45,997.48,43.58,113752.5
2024-08-07 19:06:49.082606,490,25.42,997.51,43.21,114746.8
2024-08-07 19:07:49.815620,451,25.41,997.5,42.96,115680.1
2024-08-07 19:08:50.551931,449,25.42,997.54,42.58,116390.1
2024-08-07 19:09:51.293962,420,25.39,997.56,43.05,117269.8
2024-08-07 19:10:52.022113,498,25.35,997.55,43.21,116708.5
2024-08-07 19:11:52.804215,483,25.31,997.57,42.83,117512.0
2024-08-07 19:12:53.510100,447,25.28,997.57,42.73,117999.5
2024-08-07 19:13:54.294354,461,25.24,997.61,42.62,118326.8
2024-08-07 19:14:55.076466,412,25.22,997.63,42.22,119486.6
2024-08-07 19:15:55.832860,446,25.19,997.62,42.11,120159.6
2024-08-07 19:16:56.562319,432,25.15,997.6,42.6,120413.9
2024-08-07 19:17:57.223271,441,25.14,997.6,43.44,119319.5
2024-08-07 19:18:57.933700,434,25.15,997.61,43.84,119654.1
2024-08-07 19:19:58.715696,426,25.15,997.61,45.13,119486.6
2024-08-07 19:20:59.433568,444,25.18,997.64,45.35,118081.2
2024-08-07 19:22:00.172892,459,25.23,997.64,45.83,117918.0
2024-08-07 19:23:00.872047,410,25.31,997.62,46.48,117999.5
2024-08-07 19:24:01.582092,449,25.39,997.63,47.02,116310.8
2024-08-07 19:25:02.334563,485,25.49,997.64,47.19,115680.1
2024-08-07 19:26:03.072797,461,25.59,997.72,46.94,114132.9
2024-08-07 19:27:03.823288,462,25.67,997.73,47.63,113676.7
2024-08-07 19:28:04.590251,443,25.74,997.74,47.78,112626.5
2024-08-07 19:29:05.292518,456,25.81,997.76,47.52,111449.7
2024-08-07 19:30:05.982354,488,25.85,997.78,47.72,111087.0
2024-08-07 19:31:06.711899,494,25.88,997.8,47.56,110870.5
2024-08-07 19:32:07.447697,454,25.9,997.79,47.57,110440.0
2024-08-07 19:33:08.142544,451,25.91,997.81,47.33,110012.9
2024-08-07 19:34:08.832610,477,25.9,997.77,47.46,109378.3
2024-08-07 19:35:09.581627,428,25.9,997.78,46.9,109518.7
2024-08-07 19:36:10.309280,469,25.9,997.8,46.75,109659.5
2024-08-07 19:37:11.044466,501,25.89,997.82,46.38,110154.9
2024-08-07 19:38:11.743067,473,25.88,997.83,45.85,110583.2
2024-08-07 19:39:12.542713,464,25.85,997.84,45.83,111449.7
2024-08-07 19:40:13.233367,423,25.8,997.87,45.85,111377.0
2024-08-07 19:41:13.973138,489,25.78,997.89,45.26,112700.9
2024-08-07 19:42:14.711904,455,25.73,997.89,45.32,112256.1
2024-08-07 19:43:15.491504,489,25.7,997.89,45.48,112999.3
2024-08-07 19:44:16.273866,487,25.67,997.9,45.7,112775.3
2024-08-07 19:45:16.992688,501,25.61,997.91,45.86,113149.2
2024-08-07 19:46:17.763343,484,25.54,997.92,45.78,113224.2
2024-08-07 19:47:18.542905,471,25.48,997.93,45.79,113601.1
2024-08-07 19:48:19.273214,484,25.4,997.96,46.0,113224.2
2024-08-07 19:49:19.966655,495,25.32,997.95,45.98,113299.4
2024-08-07 19:50:20.774544,492,25.26,997.95,45.9,113601.1
2024-08-07 19:51:21.506551,487,25.2,997.97,46.0,113828.4
2024-08-07 19:52:22.274960,491,25.11,997.95,46.19,114209.2
2024-08-07 19:53:23.044212,482,25.0,997.97,46.39,114978.7
2024-08-07 19:54:23.784102,474,24.89,997.95,46.58,115915.8
2024-08-07 19:55:24.537043,493,24.81,997.95,46.41,116469.5
2024-08-07 19:56:25.274312,520,24.74,997.92,46.09,117108.9
2024-08-07 19:57:25.992897,503,24.69,997.95,46.05,117674.1
2024-08-07 19:58:26.765313,491,24.66,997.94,46.61,117755.3
2024-08-07 19:59:27.464809,499,24.61,997.95,46.57,117755.3
2024-08-07 20:00:28.267242,477,24.56,997.92,46.64,117674.1
2024-08-07 20:01:28.963872,490,24.52,997.92,46.39,117999.5
2024-08-07 20:02:29.668781,485,24.46,997.93,45.99,118491.1
2024-08-07 20:03:30.402027,481,24.4,997.9,45.54,118821.1
2024-08-07 20:04:31.114974,475,24.33,997.9,45.09,119906.3
2024-08-07 20:05:31.832683,475,24.27,997.93,44.55,120159.6
2024-08-07 20:06:32.611780,499,24.22,997.91,44.6,121442.1
2024-08-07 20:07:33.324909,498,24.24,997.92,47.09,120075.0
2024-08-07 20:08:34.042591,498,24.31,997.92,48.9,117836.6
2024-08-07 20:09:34.904356,505,24.4,997.92,48.97,115915.8
2024-08-07 20:10:35.652689,504,24.47,997.94,49.13,114209.2
2024-08-07 20:11:36.324379,494,24.52,997.92,49.27,113074.2
2024-08-07 20:12:37.095333,493,24.55,997.93,49.59,111814.8
2024-08-07 20:13:37.792331,490,24.58,997.92,49.45,111087.0
2024-08-07 20:14:38.482479,501,24.6,997.89,49.47,110511.5
2024-08-07 20:15:39.228579,520,24.61,997.92,50.1,109518.7
2024-08-07 20:16:40.007586,505,24.61,997.91,49.57,109238.3
2024-08-07 20:17:40.735258,493,24.58,997.87,49.19,109518.7
2024-08-07 20:18:41.468978,518,24.55,997.89,48.83,109942.0
2024-08-07 20:19:42.220267,514,24.51,997.89,48.22,110297.3
2024-08-07 20:20:42.941785,513,24.46,997.89,47.68,111159.4
2024-08-07 20:21:43.642338,502,24.4,997.87,47.78,112108.6
2024-08-07 20:22:44.366491,504,24.35,997.86,47.44,112849.9
2024-08-07 20:23:45.093434,487,24.31,997.88,48.7,113149.2
2024-08-07 20:24:45.792631,498,24.33,997.85,50.37,111961.5
2024-08-07 20:25:46.533087,490,24.39,997.86,50.67,110226.0
2024-08-07 20:26:47.233666,495,24.44,997.88,50.86,109168.4
2024-08-07 20:27:47.972839,492,24.49,997.9,50.65,108130.9
2024-08-07 20:28:48.712389,492,24.53,997.89,50.71,107315.0
2024-08-07 20:29:49.495929,503,24.57,997.86,50.89,106911.7
2024-08-07 20:30:50.346548,510,24.6,997.88,50.67,106048.1
2024-08-07 20:31:51.052851,528,24.61,997.92,50.79,105982.2
2024-08-07 20:32:51.772557,518,24.61,997.92,51.32,105328.1
2024-08-07 20:33:52.556406,510,24.63,997.93,51.09,104939.5
2024-08-07 20:34:53.294826,518,24.64,997.93,51.29,104875.1
2024-08-07 20:35:54.003474,519,24.66,997.94,50.64,104810.6
2024-08-07 20:36:54.742999,514,24.66,997.95,50.42,104810.6
2024-08-07 20:37:55.502426,511,24.65,997.95,50.3,105198.3
2024-08-07 20:38:56.181055,514,24.62,997.95,49.84,105588.8
2024-08-07 20:39:56.928106,516,24.59,997.95,50.27,105982.2
2024-08-07 20:40:57.733987,511,24.58,997.94,50.13,105916.4
2024-08-07 20:41:58.463091,496,24.56,997.95,49.41,106378.6
2024-08-07 20:42:59.222437,506,24.52,997.95,48.97,106978.7
2024-08-07 20:44:00.044347,522,24.48,997.96,48.93,107382.6
2024-08-07 20:45:00.806479,512,24.44,997.97,49.23,107653.5
2024-08-07 20:46:01.532544,499,24.41,997.97,49.46,107925.8
2024-08-07 20:47:02.232472,520,24.39,997.97,49.71,107925.8
2024-08-07 20:48:03.024606,520,24.38,997.96,49.68,108336.9
2024-08-07 20:49:03.822095,513,24.37,997.98,49.73,108199.5
2024-08-07 20:50:04.581813,513,24.37,997.97,49.73,108130.9
2024-08-07 20:51:05.352751,518,24.36,997.96,49.69,107925.8
2024-08-07 20:52:06.144897,529,24.37,997.96,50.61,107585.6
2024-08-07 20:53:06.906626,509,24.41,997.94,51.43,106777.9
2024-08-07 20:54:07.643674,514,24.45,997.95,51.84,105916.4
2024-08-07 20:55:08.344688,512,24.49,997.97,51.6,105263.2
2024-08-07 20:56:09.072630,499,24.52,997.95,51.53,104875.1
2024-08-07 20:57:09.773421,543,24.54,997.95,51.68,104553.8
2024-08-07 20:58:10.482552,503,24.55,997.95,51.45,104234.5
2024-08-07 20:59:11.246860,507,24.56,997.94,51.05,104234.5
2024-08-07 21:00:11.983297,507,24.57,997.93,50.91,103917.2
2024-08-07 21:01:12.742949,513,24.56,997.94,50.93,103917.2
2024-08-07 21:02:13.483989,539,24.57,997.93,50.7,103538.9
2024-08-07 21:03:14.236416,539,24.55,997.92,50.84,103601.8
2024-08-07 21:04:14.974670,522,24.53,997.94,50.54,103350.8
2024-08-07 21:05:15.706497,512,24.51,997.95,50.59,103538.9
2024-08-07 21:06:16.478492,509,24.49,997.97,50.57,104234.5
2024-08-07 21:07:17.173645,512,24.47,997.98,50.83,104298.2
2024-08-07 21:08:17.912959,497,24.45,998.03,50.61,104425.9
2024-08-07 21:09:18.631935,509,24.45,998.07,50.19,104298.2
2024-08-07 21:10:19.322798,515,24.43,998.09,50.27,104425.9
2024-08-07 21:11:20.083754,520,24.39,998.1,50.3,104553.8
2024-08-07 21:12:20.924157,540,24.35,998.15,50.39,104746.3
2024-08-07 21:13:21.643063,537,24.33,998.16,50.26,105263.2
2024-08-07 21:14:22.392070,507,24.31,998.16,50.27,105523.5
2024-08-07 21:15:23.133396,516,24.3,998.17,50.29,105719.6
2024-08-07 21:16:23.913857,535,24.3,998.19,50.2,106048.1
2024-08-07 21:17:24.601529,524,24.29,998.2,50.12,106246.1
2024-08-07 21:18:25.374652,507,24.29,998.19,50.06,106577.9
2024-08-07 21:19:26.110284,521,24.29,998.18,51.2,106114.0
2024-08-07 21:20:26.861872,527,24.32,998.18,51.57,105328.1
2024-08-07 21:21:27.632593,502,24.37,998.16,51.62,104617.9
2024-08-07 21:22:28.382362,518,24.4,998.16,51.47,104234.5
2024-08-07 21:23:29.137046,531,24.42,998.17,51.52,103854.0
2024-08-07 21:24:29.871926,519,24.43,998.2,51.65,103790.8
2024-08-07 21:25:30.601620,490,24.43,998.19,51.87,103225.8
2024-08-07 21:26:31.391832,500,24.44,998.17,51.97,103413.5
2024-08-07 21:27:32.137624,542,24.46,998.15,51.86,103288.3
2024-08-07 21:28:32.832327,536,24.5,998.14,52.05,102666.9
2024-08-07 21:29:33.594340,536,24.53,998.13,51.6,102420.5
2024-08-07 21:30:34.352749,535,24.53,998.11,51.26,102175.2
2024-08-07 21:31:35.074859,547,24.52,998.07,51.02,102175.2
2024-08-07 21:32:35.934827,545,24.5,998.06,50.44,102236.4
2024-08-07 21:33:36.672803,527,24.47,998.07,50.06,102852.6
2024-08-07 21:34:37.392355,515,24.44,998.07,49.86,102976.7
2024-08-07 21:35:38.153659,510,24.38,998.05,49.72,103601.8
2024-08-07 21:36:38.844101,528,24.33,998.04,49.37,103854.0
2024-08-07 21:37:39.593600,537,24.27,998.08,49.22,104810.6
2024-08-07 21:38:40.403953,532,24.22,998.06,48.64,104875.1
2024-08-07 21:39:41.124919,524,24.16,998.06,48.38,106246.1
2024-08-07 21:40:41.843706,538,24.1,998.09,48.09,107180.2
2024-08-07 21:41:42.603648,512,24.02,998.09,47.56,108062.5
2024-08-07 21:42:43.282296,522,23.94,998.11,47.37,109029.0
2024-08-07 21:43:43.992767,528,23.86,998.12,47.17,110583.2
2024-08-07 21:44:44.712322,543,23.78,998.11,46.67,111159.4
2024-08-07 21:45:45.583046,536,23.7,998.12,46.24,111814.8
2024-08-07 21:46:46.333759,547,23.65,998.09,46.88,112552.2
2024-08-07 21:47:47.000508,564,23.65,998.09,46.51,113752.5
2024-08-07 21:48:47.752599,560,23.67,998.14,46.29,113676.7
2024-08-07 21:49:48.548512,557,23.68,998.15,45.91,114132.9
2024-08-07 21:50:49.354865,566,23.68,998.15,45.82,114824.0
2024-08-07 21:51:50.112818,574,23.68,998.18,45.73,115445.3
2024-08-07 21:52:50.925696,569,23.68,998.21,45.69,116073.5
2024-08-07 21:53:51.654306,557,23.67,998.22,45.43,116231.6
2024-08-07 21:54:52.386457,578,23.65,998.21,45.2,117350.4
2024-08-07 21:55:53.125316,565,23.64,998.23,44.98,117431.2
2024-08-07 21:56:53.832188,550,23.62,998.25,44.79,118573.4
2024-08-07 21:57:54.492596,565,23.58,998.29,44.99,119403.0
2024-08-07 21:58:55.192588,569,23.58,998.28,44.65,119738.1
2024-08-07 21:59:55.846822,574,23.56,998.28,44.5,120669.3
2024-08-07 22:00:56.604351,563,23.54,998.29,44.47,120840.2
2024-08-07 22:01:57.364630,555,23.51,998.31,44.42,122312.5
2024-08-07 22:02:58.082661,566,23.45,998.28,44.44,122664.1
2024-08-07 22:03:58.806402,565,23.42,998.25,44.12,123106.5
2024-08-07 22:04:59.544188,538,23.4,998.24,44.1,123641.6
2024-08-07 22:06:00.293690,551,23.4,998.25,43.82,123821.0
2024-08-07 22:07:01.014070,563,23.32,998.27,44.38,123731.3
2024-08-07 22:08:01.742300,549,23.19,998.26,45.08,124362.4
2024-08-07 22:09:02.443438,544,23.07,998.23,45.53,124091.1
2024-08-07 22:10:03.216209,542,22.95,998.22,45.98,124362.4
2024-08-07 22:11:03.954607,567,22.84,998.23,46.31,124634.9
2024-08-07 22:12:04.721745,573,22.74,998.25,46.58,125183.4
2024-08-07 22:13:05.573882,556,22.64,998.24,46.95,125000.0
2024-08-07 22:14:06.335354,548,22.56,998.25,46.91,125091.6
2024-08-07 22:15:07.064888,546,22.5,998.22,46.79,125183.4
2024-08-07 22:16:07.774524,563,22.44,998.22,46.84,126015.3
2024-08-07 22:17:08.525870,559,22.38,998.24,46.88,126388.5
2024-08-07 22:18:09.306306,542,22.33,998.26,47.15,126576.0
2024-08-07 22:19:10.035035,559,22.28,998.23,47.06,126576.0
2024-08-07 22:20:10.765817,551,22.22,998.25,47.09,126764.1
2024-08-07 22:21:11.537308,544,22.18,998.28,47.02,127047.1
2024-08-07 22:22:12.232802,549,22.14,998.26,47.15,126482.2
2024-08-07 22:23:12.940871,540,22.11,998.25,47.19,128000.0
2024-08-07 22:24:13.663507,539,22.06,998.28,47.1,127904.1
2024-08-07 22:25:14.467615,545,22.01,998.31,47.23,127236.6
2024-08-07 22:26:15.162195,528,21.95,998.33,47.33,127712.6
2024-08-07 22:27:15.852045,538,21.92,998.32,47.45,128096.1
2024-08-07 22:28:16.592486,542,21.88,998.31,47.55,127904.1
2024-08-07 22:29:17.333812,554,21.85,998.32,47.56,128385.2
2024-08-07 22:30:18.072780,553,21.83,998.32,47.33,128772.6
2024-08-07 22:31:18.782942,524,21.78,998.34,47.44,127521.8
2024-08-07 22:32:19.524675,542,21.76,998.33,47.49,128967.3
2024-08-07 22:33:20.314808,540,21.74,998.33,47.29,128481.8
2024-08-07 22:34:21.051759,537,21.73,998.31,47.01,128675.5
2024-08-07 22:35:21.833850,533,21.7,998.29,47.2,129850.4
2024-08-07 22:36:22.696586,535,21.67,998.3,47.3,129358.3
2024-08-07 22:37:23.432383,538,21.67,998.31,47.38,129751.6
2024-08-07 22:38:24.181579,546,21.66,998.32,47.65,129653.1
2024-08-07 22:39:24.963954,552,21.66,998.3,47.62,130246.8
2024-08-07 22:40:25.734147,528,21.64,998.31,47.55,130246.8
2024-08-07 22:41:26.453499,541,21.61,998.3,47.59,130946.3
2024-08-07 22:42:27.186216,574,21.59,998.33,47.58,131248.4
2024-08-07 22:43:27.955265,551,21.54,998.29,47.91,130946.3
2024-08-07 22:44:28.723559,544,21.51,998.31,47.78,130645.6
2024-08-07 22:45:29.443771,534,21.49,998.33,47.77,131653.4
2024-08-07 22:46:30.183621,519,21.46,998.32,47.73,131248.4
2024-08-07 22:47:30.874363,535,21.44,998.33,47.68,131349.4
2024-08-07 22:48:31.614908,518,21.42,998.33,47.77,131653.4
2024-08-07 22:49:32.394802,536,21.4,998.33,48.06,130645.6
2024-08-07 22:50:33.092459,555,21.38,998.3,48.32,131958.8
2024-08-07 22:51:33.832384,552,21.37,998.29,47.92,132060.9
2024-08-07 22:52:34.533288,533,21.35,998.29,48.2,132676.9
2024-08-07 22:53:35.322497,539,21.33,998.29,48.12,133507.2
2024-08-07 22:54:36.043376,545,21.31,998.26,48.19,132368.1
2024-08-07 22:55:36.712080,560,21.28,998.27,48.23,132676.9
2024-08-07 22:56:37.463599,569,21.23,998.29,48.35,132987.0
2024-08-07 22:57:38.204354,563,21.21,998.3,48.38,132883.5
2024-08-07 22:58:38.918370,530,21.2,998.27,48.29,133298.6
2024-08-07 22:59:39.663690,548,21.19,998.28,48.32,133507.2
2024-08-07 23:00:40.402770,540,21.19,998.29,48.3,134453.8
2024-08-07 23:01:41.103721,545,21.17,998.33,48.67,134347.9
2024-08-07 23:02:41.864974,580,21.18,998.33,48.61,133402.8
2024-08-07 23:03:42.594149,590,21.18,998.36,48.84,133821.2
2024-08-07 23:04:43.313636,605,21.17,998.38,48.78,133926.2
2024-08-07 23:05:44.086294,607,21.16,998.39,48.62,134347.9
2024-08-07 23:06:44.813406,596,21.16,998.41,48.59,133611.7
2024-08-07 23:07:45.612375,595,21.13,998.42,48.88,134031.4
2024-08-07 23:08:46.352960,612,21.12,998.42,48.84,133716.4
2024-08-07 23:09:47.062285,595,21.12,998.44,49.0,134347.9
2024-08-07 23:10:47.813549,593,21.11,998.45,49.12,134136.8
2024-08-07 23:11:48.542433,599,21.1,998.47,49.04,134666.0
2024-08-07 23:12:49.313345,608,21.11,998.45,48.8,133716.4
2024-08-07 23:13:50.003962,620,21.1,998.48,48.97,133926.2
2024-08-07 23:14:50.764910,637,21.18,998.46,51.16,133611.7
2024-08-07 23:15:51.452472,646,21.4,998.51,54.77,129456.4
