current_time,Pressure,Tempereture
2024-08-11 08:03:37,987.91,28.33
2024-08-11 08:03:47,987.83,28.33
2024-08-11 08:03:57,987.88,28.35
2024-08-11 08:04:08,987.91,28.35
2024-08-11 08:05:49,987.94,28.32
2024-08-11 08:05:59,987.88,28.32
2024-08-11 08:06:10,987.80,28.35
2024-08-11 08:06:20,987.66,28.38
2024-08-11 08:06:30,987.62,28.49
2024-08-11 08:06:40,987.57,28.52
2024-08-11 08:06:50,987.51,28.56
2024-08-11 08:07:00,987.48,28.59
2024-08-11 08:07:11,987.48,28.59
2024-08-11 08:07:21,987.48,28.61
2024-08-11 08:07:31,987.51,28.61
2024-08-11 08:07:41,987.51,28.58
2024-08-11 08:07:51,987.51,28.59
2024-08-11 08:08:01,987.54,28.58
2024-08-11 08:08:12,987.53,28.59
2024-08-11 08:08:22,987.51,28.59
2024-08-11 08:08:32,987.53,28.60
2024-08-11 08:08:42,987.51,28.60
2024-08-11 08:08:52,987.48,28.61
2024-08-11 08:09:02,987.42,28.63
2024-08-11 08:09:13,987.45,28.64
2024-08-11 08:09:23,987.53,28.62
2024-08-11 08:09:33,987.48,28.63
2024-08-11 08:09:43,987.42,28.67
2024-08-11 08:09:53,987.45,28.67
2024-08-11 08:10:04,987.47,28.68
2024-08-11 08:10:14,994.37,28.68
2024-08-11 08:10:24,987.48,28.65
2024-08-11 08:10:34,987.50,28.62
2024-08-11 08:10:44,987.51,28.60
2024-08-11 08:10:54,987.51,28.60
2024-08-11 08:11:05,987.56,28.60
2024-08-11 08:11:15,987.64,28.59
2024-08-11 08:11:25,987.62,28.56
2024-08-11 08:11:35,987.59,28.56
2024-08-11 08:11:45,987.65,28.54
2024-08-11 08:11:56,987.59,28.54
2024-08-11 08:12:06,987.56,28.56
2024-08-11 08:12:16,987.73,28.54
2024-08-11 08:12:26,987.73,28.52
2024-08-11 08:12:36,987.76,28.48
2024-08-11 08:12:46,987.84,28.46
2024-08-11 08:12:57,987.76,28.47
2024-08-11 08:13:07,987.79,28.47
2024-08-11 08:13:17,987.82,28.45
2024-08-11 08:13:27,987.87,28.42
2024-08-11 08:13:37,987.90,28.43
2024-08-11 08:13:47,987.82,28.40
2024-08-11 08:13:58,987.76,28.45
2024-08-11 08:14:08,987.74,28.43
2024-08-11 08:14:18,987.79,28.48
2024-08-11 08:14:28,987.95,28.45
2024-08-11 08:14:38,987.90,28.39
2024-08-11 08:14:49,987.93,28.37
2024-08-11 08:14:59,987.93,28.41
2024-08-11 08:15:09,987.93,28.40
2024-08-11 08:15:19,987.96,28.39
2024-08-11 08:15:29,987.91,28.37
2024-08-11 08:15:39,988.01,28.38
2024-08-11 08:15:50,987.93,28.37
2024-08-11 08:16:00,987.91,28.37
2024-08-11 08:16:10,987.93,28.38
2024-08-11 08:16:20,987.91,28.37
2024-08-11 08:16:30,987.96,28.36
2024-08-11 08:16:41,987.90,28.39
2024-08-11 08:16:51,987.90,28.40
2024-08-11 08:17:02,987.88,28.42
2024-08-11 08:17:12,987.82,28.41
2024-08-11 08:17:22,987.85,28.41
2024-08-11 08:17:32,987.77,28.42
2024-08-11 08:17:42,987.79,28.43
2024-08-11 08:17:53,987.90,28.39
2024-08-11 08:18:03,987.79,28.42
2024-08-11 08:18:13,987.93,28.39
2024-08-11 08:18:23,987.88,28.40
2024-08-11 08:18:33,987.90,28.41
2024-08-11 08:18:44,987.91,28.38
2024-08-11 08:18:54,987.99,28.38
2024-08-11 08:19:04,987.93,28.36
2024-08-11 08:19:14,987.99,28.36
2024-08-11 08:19:24,987.88,28.36
2024-08-11 08:19:34,987.99,28.39
2024-08-11 08:19:45,987.77,28.36
2024-08-11 08:19:55,994.36,28.44
2024-08-11 08:20:05,986.68,28.74
2024-08-11 08:20:15,985.12,29.14
2024-08-11 08:20:25,983.05,30.15
2024-08-11 08:20:36,982.25,31.42
2024-08-11 08:20:46,981.50,31.86
2024-08-11 08:20:56,981.00,32.27
2024-08-11 08:21:06,980.78,32.61
2024-08-11 08:21:16,980.80,32.70
2024-08-11 08:21:27,981.02,32.69
2024-08-11 08:21:37,981.06,32.52
2024-08-11 08:21:47,980.84,32.55
2024-08-11 08:21:57,980.83,32.70
2024-08-11 08:22:07,980.80,32.67
2024-08-11 08:22:17,980.82,32.72
2024-08-11 08:22:28,980.82,32.73
2024-08-11 08:22:38,981.07,32.66
2024-08-11 08:22:48,980.87,32.56
2024-08-11 08:22:58,980.83,32.67
2024-08-11 08:23:08,980.44,32.69
2024-08-11 08:23:19,980.39,32.94
2024-08-11 08:23:29,979.68,32.98
2024-08-11 08:23:39,979.42,33.39
2024-08-11 08:23:49,979.11,33.54
2024-08-11 08:23:59,978.87,33.74
2024-08-11 08:24:09,978.89,33.87
2024-08-11 08:24:20,978.51,33.86
2024-08-11 08:24:30,979.08,34.10
2024-08-11 08:24:40,978.85,33.72
2024-08-11 08:24:50,978.80,33.89
2024-08-11 08:25:00,978.99,33.93
2024-08-11 08:25:11,979.82,33.81
2024-08-11 08:25:21,980.11,33.29
2024-08-11 08:25:31,980.25,33.06
2024-08-11 08:25:41,979.84,32.99
2024-08-11 08:25:51,979.74,33.27
2024-08-11 08:26:01,979.70,33.33
2024-08-11 08:26:12,979.81,33.36
2024-08-11 08:26:22,979.68,33.29
2024-08-11 08:26:32,979.80,33.42
2024-08-11 08:26:42,980.11,33.34
2024-08-11 08:26:52,980.11,33.09
2024-08-11 08:27:03,980.21,33.12
2024-08-11 08:27:13,980.82,33.06
2024-08-11 08:27:23,980.77,32.69
2024-08-11 08:27:33,980.55,32.74
2024-08-11 08:27:43,980.59,32.84
2024-08-11 08:27:53,980.65,32.82
2024-08-11 08:28:04,980.08,32.80
2024-08-11 08:28:14,980.18,33.16
2024-08-11 08:28:24,979.95,33.07
2024-08-11 08:28:34,980.20,33.23
2024-08-11 08:28:44,980.71,33.06
2024-08-11 08:28:54,980.41,32.73
2024-08-11 08:29:05,980.17,32.96
2024-08-11 08:29:15,980.46,33.09
2024-08-11 08:29:25,980.58,32.94
2024-08-11 08:29:35,980.65,32.80
2024-08-11 08:29:45,980.57,32.80
2024-08-11 08:29:55,980.57,32.85
2024-08-11 08:30:06,980.41,32.81
2024-08-11 08:30:16,980.34,32.92
2024-08-11 08:30:26,980.17,32.99
2024-08-11 08:30:36,980.10,33.12
2024-08-11 08:30:46,980.05,33.14
2024-08-11 08:30:57,980.26,33.16
2024-08-11 08:31:07,986.96,33.00
2024-08-11 08:31:17,980.07,33.24
2024-08-11 08:31:27,979.69,33.16
2024-08-11 08:31:37,979.39,33.45
2024-08-11 08:31:47,979.51,33.59
2024-08-11 08:31:58,979.85,33.50
2024-08-11 08:32:08,986.98,33.29
2024-08-11 08:32:18,980.29,33.17
2024-08-11 08:32:28,980.69,33.02
2024-08-11 08:32:38,980.74,32.76
2024-08-11 08:32:49,980.90,32.76
2024-08-11 08:32:59,980.94,32.64
2024-08-11 08:33:09,980.54,32.60
2024-08-11 08:33:19,980.24,32.86
2024-08-11 08:33:29,980.36,33.04
2024-08-11 08:33:40,980.28,32.95
2024-08-11 08:33:50,987.01,33.01
2024-08-11 08:34:00,986.99,33.22
2024-08-11 08:34:10,979.50,33.19
2024-08-11 08:34:20,979.36,33.53
2024-08-11 08:34:31,979.33,33.56
2024-08-11 08:34:41,979.10,33.62
2024-08-11 08:34:51,979.55,33.73
2024-08-11 08:35:01,979.28,33.42
2024-08-11 08:35:11,979.13,33.63
2024-08-11 08:35:21,979.20,33.72
2024-08-11 08:35:32,978.96,33.68
2024-08-11 08:35:42,979.19,33.85
2024-08-11 08:35:52,979.64,33.64
2024-08-11 08:36:02,980.11,33.38
2024-08-11 08:36:12,980.24,33.12
2024-08-11 08:36:22,980.20,33.01
2024-08-11 08:36:33,979.98,33.03
2024-08-11 08:36:43,979.44,33.20
2024-08-11 08:36:53,979.25,33.49
2024-08-11 08:37:03,979.18,33.64
2024-08-11 08:37:13,978.90,33.69
2024-08-11 08:37:24,978.86,33.83
2024-08-11 08:37:34,978.78,33.84
2024-08-11 08:37:44,978.64,33.91
2024-08-11 08:37:54,978.38,33.99
2024-08-11 08:38:05,978.25,34.21
2024-08-11 08:38:15,978.25,34.27
2024-08-11 08:38:25,978.27,34.28
2024-08-11 08:38:35,978.38,34.24
2024-08-11 08:38:45,978.39,34.18
2024-08-11 08:38:55,978.23,34.16
2024-08-11 08:39:06,978.41,34.26
2024-08-11 08:39:16,978.50,34.15
2024-08-11 08:39:26,978.46,34.08
2024-08-11 08:39:36,977.93,34.14
2024-08-11 08:39:46,977.98,34.43
2024-08-11 08:39:57,977.85,34.44
2024-08-11 08:40:07,977.87,34.50
2024-08-11 08:40:17,978.04,34.45
2024-08-11 08:40:27,978.18,34.37
2024-08-11 08:40:37,978.46,34.33
2024-08-11 08:40:47,979.03,34.10
2024-08-11 08:40:58,979.44,33.77
2024-08-11 08:41:08,979.82,33.47
2024-08-11 08:41:18,979.76,33.28
2024-08-11 08:41:28,986.97,33.36
2024-08-11 08:41:38,980.15,33.17
2024-08-11 08:41:48,979.73,33.09
2024-08-11 08:41:59,979.59,33.34
2024-08-11 08:42:09,979.86,33.43
2024-08-11 08:42:19,979.54,33.28
2024-08-11 08:42:29,979.66,33.48
2024-08-11 08:42:39,979.89,33.39
2024-08-11 08:42:50,980.12,33.24
2024-08-11 08:43:00,980.24,33.12
2024-08-11 08:43:10,980.17,33.02
2024-08-11 08:43:20,980.22,33.09
2024-08-11 08:43:30,980.33,33.07
2024-08-11 08:43:41,986.98,32.99
2024-08-11 08:43:51,980.26,33.15
2024-08-11 08:44:01,980.33,33.02
2024-08-11 08:44:11,980.47,32.96
2024-08-11 08:44:21,980.53,32.92
2024-08-11 08:44:32,980.27,32.85
2024-08-11 08:44:42,980.19,33.04
2024-08-11 08:44:52,980.25,33.06
2024-08-11 08:45:02,980.22,33.03
2024-08-11 08:45:12,979.86,33.06
2024-08-11 08:45:22,979.90,33.28
2024-08-11 08:45:33,980.12,33.21
2024-08-11 08:45:43,980.63,33.04
2024-08-11 08:45:53,980.79,32.77
2024-08-11 08:46:03,980.63,32.70
2024-08-11 08:46:13,980.22,32.76
2024-08-11 08:46:24,979.87,33.02
2024-08-11 08:46:34,979.76,33.28
2024-08-11 08:46:44,980.09,33.31
2024-08-11 08:46:54,980.38,33.09
2024-08-11 08:47:04,980.56,32.88
2024-08-11 08:47:14,980.44,32.77
2024-08-11 08:47:25,980.40,32.89
2024-08-11 08:47:35,980.21,32.92
2024-08-11 08:47:45,980.11,33.05
2024-08-11 08:47:55,980.14,33.06
2024-08-11 08:48:05,980.11,33.10
2024-08-11 08:48:16,980.13,33.09
2024-08-11 08:48:26,979.62,33.09
2024-08-11 08:48:36,979.39,33.42
2024-08-11 08:48:46,979.30,33.58
2024-08-11 08:48:56,979.38,33.60
2024-08-11 08:49:07,979.52,33.49
2024-08-11 08:49:17,979.66,33.43
2024-08-11 08:49:27,979.59,33.33
2024-08-11 08:49:37,979.28,33.41
2024-08-11 08:49:47,978.86,33.60
2024-08-11 08:49:58,978.56,33.87
2024-08-11 08:50:08,978.97,34.09
2024-08-11 08:50:18,978.95,33.78
2024-08-11 08:50:28,978.70,33.83
2024-08-11 08:50:38,978.41,34.00
2024-08-11 08:50:48,978.25,34.20
2024-08-11 08:50:59,978.38,34.28
2024-08-11 08:51:09,978.88,34.18
2024-08-11 08:51:19,978.69,33.87
2024-08-11 08:51:29,979.15,33.99
2024-08-11 08:51:39,979.56,33.67
2024-08-11 08:51:49,979.77,33.43
2024-08-11 08:52:00,979.65,33.29
2024-08-11 08:52:10,979.15,33.39
2024-08-11 08:52:20,978.87,33.72
2024-08-11 08:52:30,979.19,33.86
2024-08-11 08:52:40,979.40,33.64
2024-08-11 08:52:51,979.32,33.58
2024-08-11 08:53:01,979.43,33.62
2024-08-11 08:53:11,979.87,33.54
2024-08-11 08:53:21,980.26,33.24
2024-08-11 08:53:31,980.06,33.01
2024-08-11 08:53:41,979.69,33.13
2024-08-11 08:53:52,979.26,33.37
2024-08-11 08:54:02,979.42,33.67
2024-08-11 08:54:12,979.16,33.56
2024-08-11 08:54:22,979.12,33.67
2024-08-11 08:54:32,979.06,33.73
2024-08-11 08:54:43,979.20,33.76
2024-08-11 08:54:53,979.20,33.68
2024-08-11 08:55:03,979.15,33.64
2024-08-11 08:55:13,978.87,33.72
2024-08-11 08:55:23,978.70,33.83
2024-08-11 08:55:33,978.74,33.99
2024-08-11 08:55:44,978.77,33.93
2024-08-11 08:55:54,978.72,33.93
2024-08-11 08:56:04,978.72,33.94
2024-08-11 08:56:14,978.83,33.92
2024-08-11 08:56:24,978.72,33.89
2024-08-11 08:56:34,978.87,33.99
2024-08-11 08:56:45,979.10,33.87
2024-08-11 08:56:55,979.04,33.71
2024-08-11 08:57:05,979.25,33.78
2024-08-11 08:57:15,979.59,33.60
2024-08-11 08:57:25,979.61,33.42
2024-08-11 08:57:36,979.69,33.41
2024-08-11 08:57:46,979.65,33.35
2024-08-11 08:57:56,979.18,33.39
2024-08-11 08:58:06,978.74,33.71
2024-08-11 08:58:16,978.68,33.99
2024-08-11 08:58:27,978.60,34.04
2024-08-11 08:58:37,978.65,34.04
2024-08-11 08:58:47,978.43,34.02
2024-08-11 08:58:57,978.47,34.17
2024-08-11 08:59:07,978.48,34.10
2024-08-11 08:59:17,978.46,34.08
2024-08-11 08:59:28,978.43,34.09
2024-08-11 08:59:38,978.56,34.15
2024-08-11 08:59:48,978.79,34.03
2024-08-11 08:59:58,978.85,33.93
2024-08-11 09:00:08,978.72,33.86
2024-08-11 09:00:19,978.76,33.98
2024-08-11 09:00:29,978.75,33.91
2024-08-11 09:00:39,978.38,33.99
2024-08-11 09:00:49,978.42,34.21
2024-08-11 09:00:59,978.48,34.12
2024-08-11 09:01:09,978.34,34.14
2024-08-11 09:01:20,978.28,34.23
2024-08-11 09:01:30,978.41,34.23
2024-08-11 09:01:40,978.31,34.19
2024-08-11 09:01:50,978.09,34.24
2024-08-11 09:02:00,978.05,34.35
2024-08-11 09:02:10,978.07,34.37
2024-08-11 09:02:21,978.11,34.31
2024-08-11 09:02:31,978.13,34.31
2024-08-11 09:02:41,978.35,34.32
2024-08-11 09:02:51,978.19,34.25
2024-08-11 09:03:01,977.81,34.31
2024-08-11 09:03:12,977.92,34.50
2024-08-11 09:03:22,978.42,34.44
2024-08-11 09:03:32,978.37,34.12
2024-08-11 09:03:42,978.06,34.18
2024-08-11 09:03:52,978.10,34.35
2024-08-11 09:04:03,978.29,34.34
2024-08-11 09:04:13,978.23,34.16
2024-08-11 09:04:23,977.98,34.25
2024-08-11 09:04:33,978.32,34.37
2024-08-11 09:04:43,978.50,34.15
2024-08-11 09:04:54,978.43,34.09
2024-08-11 09:05:04,978.36,34.18
2024-08-11 09:05:14,978.53,34.17
2024-08-11 09:05:24,978.73,34.07
2024-08-11 09:05:34,978.57,33.99
2024-08-11 09:05:44,978.40,34.04
2024-08-11 09:05:55,978.07,34.11
2024-08-11 09:06:05,977.80,34.35
2024-08-11 09:06:15,977.30,34.49
2024-08-11 09:06:25,977.45,34.84
2024-08-11 09:06:35,977.25,34.72
2024-08-11 09:06:46,977.88,34.89
2024-08-11 09:06:56,977.96,34.45
2024-08-11 09:07:06,978.37,34.40
2024-08-11 09:07:16,978.66,34.18
2024-08-11 09:07:26,978.98,34.00
2024-08-11 09:07:36,978.54,33.78
2024-08-11 09:07:47,978.21,34.11
2024-08-11 09:07:57,978.22,34.28
2024-08-11 09:08:07,978.29,34.35
2024-08-11 09:08:17,978.41,34.25
2024-08-11 09:08:27,978.32,34.11
2024-08-11 09:08:38,978.03,34.25
2024-08-11 09:08:48,978.26,34.38
2024-08-11 09:08:58,978.25,34.27
2024-08-11 09:09:08,978.41,34.29
2024-08-11 09:09:18,978.17,34.17
2024-08-11 09:09:28,977.97,34.31
2024-08-11 09:09:39,977.88,34.43
2024-08-11 09:09:49,978.25,34.51
2024-08-11 09:09:59,977.95,34.27
2024-08-11 09:10:09,978.17,34.45
2024-08-11 09:10:19,977.91,34.31
2024-08-11 09:10:30,977.95,34.46
2024-08-11 09:10:40,978.01,34.43
2024-08-11 09:10:50,978.35,34.35
2024-08-11 09:11:00,978.36,34.23
2024-08-11 09:11:10,978.03,34.23
2024-08-11 09:11:21,977.52,34.39
2024-08-11 09:11:31,977.22,34.73
2024-08-11 09:11:41,977.01,34.87
2024-08-11 09:11:51,976.83,35.02
2024-08-11 09:12:01,976.90,35.17
2024-08-11 09:12:11,977.43,35.05
2024-08-11 09:12:22,977.30,34.73
2024-08-11 09:12:32,977.37,34.87
2024-08-11 09:12:42,977.51,34.78
2024-08-11 09:12:52,977.30,34.71
2024-08-11 09:13:02,977.04,34.86
2024-08-11 09:13:13,976.89,35.01
2024-08-11 09:13:23,976.91,35.09
2024-08-11 09:13:33,976.72,35.06
2024-08-11 09:13:43,976.76,35.20
2024-08-11 09:13:53,976.60,35.17
2024-08-11 09:14:03,977.33,35.26
2024-08-11 09:14:14,977.67,34.80
2024-08-11 09:14:24,977.37,34.58
2024-08-11 09:14:34,977.59,34.83
2024-08-11 09:14:44,977.36,34.64
2024-08-11 09:14:55,977.78,34.77
2024-08-11 09:15:05,978.38,34.53
2024-08-11 09:15:15,978.58,34.17
2024-08-11 09:15:25,978.59,34.06
2024-08-11 09:15:35,978.40,34.06
2024-08-11 09:15:45,978.15,34.18
2024-08-11 09:15:56,977.80,34.33
2024-08-11 09:16:06,977.62,34.57
2024-08-11 09:16:16,977.61,34.59
2024-08-11 09:16:26,977.82,34.66
2024-08-11 09:16:36,978.20,34.48
2024-08-11 09:16:46,978.54,34.29
2024-08-11 09:16:57,978.24,34.09
2024-08-11 09:17:07,978.41,34.30
2024-08-11 09:17:17,978.66,34.17
2024-08-11 09:17:27,978.65,34.02
2024-08-11 09:17:37,978.92,34.09
2024-08-11 09:17:48,979.21,33.86
2024-08-11 09:17:58,979.42,33.71
2024-08-11 09:18:08,978.97,33.58
2024-08-11 09:18:18,979.19,33.82
2024-08-11 09:18:28,979.04,33.65
2024-08-11 09:18:38,978.84,33.80
2024-08-11 09:18:49,978.72,33.90
2024-08-11 09:18:59,978.63,34.01
2024-08-11 09:19:09,978.48,34.08
2024-08-11 09:19:19,978.75,34.15
2024-08-11 09:19:29,978.98,33.97
2024-08-11 09:19:40,978.89,33.87
2024-08-11 09:19:50,979.10,33.92
2024-08-11 09:20:00,979.06,33.77
2024-08-11 09:20:10,979.28,33.76
2024-08-11 09:20:20,979.23,33.66
2024-08-11 09:20:30,978.69,33.67
2024-08-11 09:20:41,978.59,34.06
2024-08-11 09:20:51,978.59,34.06
2024-08-11 09:21:01,978.54,34.10
2024-08-11 09:21:11,978.37,34.09
2024-08-11 09:21:21,977.81,34.29
2024-08-11 09:21:32,977.48,34.58
2024-08-11 09:21:42,977.62,34.75
2024-08-11 09:21:52,977.74,34.68
2024-08-11 09:22:02,977.75,34.61
2024-08-11 09:22:12,978.11,34.58
2024-08-11 09:22:22,978.18,34.39
2024-08-11 09:22:33,978.43,34.32
2024-08-11 09:22:43,978.20,34.21
2024-08-11 09:22:53,978.32,34.36
2024-08-11 09:23:03,978.22,34.26
2024-08-11 09:23:13,977.59,34.32
2024-08-11 09:23:24,977.39,34.67
2024-08-11 09:23:34,977.75,34.83
2024-08-11 09:23:44,978.02,34.57
2024-08-11 09:23:54,977.82,34.43
2024-08-11 09:24:04,977.86,34.54
2024-08-11 09:24:14,977.35,34.53
2024-08-11 09:24:25,976.96,34.87
2024-08-11 09:24:35,976.88,35.08
2024-08-11 09:24:45,977.18,35.13
2024-08-11 09:24:55,977.39,34.95
2024-08-11 09:25:05,977.48,34.82
2024-08-11 09:25:15,977.48,34.79
2024-08-11 09:25:26,977.13,34.75
2024-08-11 09:25:36,976.92,34.98
2024-08-11 09:25:46,977.45,35.09
2024-08-11 09:25:56,977.87,34.76
2024-08-11 09:26:06,977.57,34.47
2024-08-11 09:26:17,977.79,34.70
2024-08-11 09:26:27,977.78,34.56
2024-08-11 09:26:37,978.02,34.57
2024-08-11 09:26:47,977.68,34.44
2024-08-11 09:26:57,977.28,34.64
2024-08-11 09:27:07,977.09,34.87
2024-08-11 09:27:18,976.86,35.00
2024-08-11 09:27:28,976.98,35.13
2024-08-11 09:27:38,977.35,35.03
2024-08-11 09:27:48,977.67,34.79
2024-08-11 09:27:58,977.64,34.62
2024-08-11 09:28:09,977.71,34.66
2024-08-11 09:28:19,977.67,34.55
2024-08-11 09:28:29,977.75,34.62
2024-08-11 09:28:39,977.83,34.60
2024-08-11 09:28:49,977.87,34.49
2024-08-11 09:28:59,977.82,34.48
2024-08-11 09:29:10,977.48,34.57
2024-08-11 09:29:20,977.54,34.74
2024-08-11 09:29:30,978.01,34.67
2024-08-11 09:29:40,978.34,34.39
2024-08-11 09:29:50,978.52,34.25
2024-08-11 09:30:00,978.64,34.12
2024-08-11 09:30:11,978.76,34.05
2024-08-11 09:30:21,978.76,33.99
2024-08-11 09:30:31,978.52,33.98
2024-08-11 09:30:41,978.69,34.16
2024-08-11 09:30:51,978.84,34.03
2024-08-11 09:31:02,978.88,33.96
2024-08-11 09:31:12,978.99,33.89
2024-08-11 09:31:22,979.33,33.82
2024-08-11 09:31:32,979.73,33.60
2024-08-11 09:31:42,979.89,33.37
2024-08-11 09:31:52,979.92,33.28
2024-08-11 09:32:03,979.87,33.29
2024-08-11 09:32:13,986.98,33.29
2024-08-11 09:32:23,980.15,33.18
2024-08-11 09:32:33,980.21,33.13
2024-08-11 09:32:43,980.11,33.10
2024-08-11 09:32:54,980.08,33.13
2024-08-11 09:33:04,986.88,33.18
2024-08-11 09:33:14,979.85,33.24
2024-08-11 09:33:24,979.87,33.27
2024-08-11 09:33:34,986.98,33.27
2024-08-11 09:33:44,980.10,33.19
2024-08-11 09:33:55,980.16,33.13
2024-08-11 09:34:05,986.97,33.13
2024-08-11 09:34:15,979.66,33.24
2024-08-11 09:34:25,979.25,33.46
2024-08-11 09:34:35,978.93,33.66
2024-08-11 09:34:45,978.83,33.84
2024-08-11 09:34:56,978.58,33.93
2024-08-11 09:35:06,978.34,34.12
2024-08-11 09:35:16,978.09,34.24
2024-08-11 09:35:26,978.48,34.37
2024-08-11 09:35:36,978.70,34.10
2024-08-11 09:35:47,978.60,33.99
2024-08-11 09:35:57,978.70,34.09
2024-08-11 09:36:07,978.39,33.97
2024-08-11 09:36:17,978.18,34.14
2024-08-11 09:36:27,977.72,34.32
2024-08-11 09:36:37,977.83,34.58
2024-08-11 09:36:48,977.71,34.49
2024-08-11 09:36:58,978.00,34.56
2024-08-11 09:37:08,977.77,34.38
2024-08-11 09:37:18,977.56,34.55
2024-08-11 09:37:28,977.33,34.67
2024-08-11 09:37:39,977.21,34.77
2024-08-11 09:37:49,977.09,34.91
2024-08-11 09:37:59,977.19,34.97
2024-08-11 09:38:09,977.28,34.91
2024-08-11 09:38:19,977.43,34.82
2024-08-11 09:38:30,977.24,34.73
2024-08-11 09:38:40,977.42,34.83
2024-08-11 09:38:50,977.63,34.73
2024-08-11 09:39:00,977.83,34.63
2024-08-11 09:39:10,978.14,34.46
2024-08-11 09:39:20,978.19,34.31
2024-08-11 09:39:31,978.30,34.25
2024-08-11 09:39:41,978.08,34.25
2024-08-11 09:39:51,978.18,34.33
2024-08-11 09:40:01,977.86,34.29
2024-08-11 09:40:11,977.73,34.47
2024-08-11 09:40:22,977.51,34.56
2024-08-11 09:40:32,977.22,34.66
2024-08-11 09:40:42,977.37,34.86
2024-08-11 09:40:52,977.35,34.76
2024-08-11 09:41:02,977.32,34.76
2024-08-11 09:41:12,977.21,34.82
2024-08-11 09:41:23,977.24,34.80
2024-08-11 09:41:33,976.99,34.78
2024-08-11 09:41:43,976.95,34.99
2024-08-11 09:41:53,977.44,34.99
2024-08-11 09:42:04,977.82,34.66
2024-08-11 09:42:14,978.04,34.43
2024-08-11 09:42:24,978.19,34.32
2024-08-11 09:42:34,978.25,34.25
2024-08-11 09:42:44,978.52,34.22
2024-08-11 09:42:55,978.51,34.08
2024-08-11 09:43:05,978.35,34.01
2024-08-11 09:43:15,978.31,34.17
2024-08-11 09:43:25,978.20,34.20
2024-08-11 09:43:35,978.03,34.24
2024-08-11 09:43:46,978.32,34.34
2024-08-11 09:43:56,978.34,34.18
2024-08-11 09:44:06,977.85,34.17
2024-08-11 09:44:16,977.93,34.47
2024-08-11 09:44:26,977.93,34.41
2024-08-11 09:44:37,977.58,34.38
2024-08-11 09:44:47,977.28,34.62
2024-08-11 09:44:57,977.24,34.79
2024-08-11 09:45:07,977.86,34.84
2024-08-11 09:45:17,978.12,34.40
2024-08-11 09:45:28,978.22,34.29
2024-08-11 09:45:38,978.06,34.26
2024-08-11 09:45:48,977.64,34.29
2024-08-11 09:45:58,977.45,34.57
2024-08-11 09:46:08,977.36,34.68
2024-08-11 09:46:18,977.22,34.74
2024-08-11 09:46:29,977.20,34.86
2024-08-11 09:46:39,976.86,34.78
2024-08-11 09:46:49,977.10,35.05
2024-08-11 09:46:59,977.45,34.85
2024-08-11 09:47:09,977.83,34.65
2024-08-11 09:47:20,977.63,34.43
2024-08-11 09:47:30,977.57,34.50
2024-08-11 09:47:40,977.70,34.55
2024-08-11 09:47:50,977.70,34.55
2024-08-11 09:48:00,977.51,34.53
2024-08-11 09:48:11,977.80,34.62
2024-08-11 09:48:21,977.98,34.42
2024-08-11 09:48:31,978.27,34.34
2024-08-11 09:48:41,978.39,34.17
2024-08-11 09:48:51,978.54,34.07
2024-08-11 09:49:01,978.30,34.01
2024-08-11 09:49:12,978.23,34.16
2024-08-11 09:49:22,977.95,34.23
2024-08-11 09:49:32,977.50,34.37
2024-08-11 09:49:42,977.47,34.64
2024-08-11 09:49:52,977.18,34.60
2024-08-11 09:50:02,977.21,34.77
2024-08-11 09:50:13,977.41,34.74
2024-08-11 09:50:23,977.50,34.61
2024-08-11 09:50:33,977.18,34.61
2024-08-11 09:50:43,977.04,34.82
2024-08-11 09:50:53,976.85,34.90
2024-08-11 09:51:04,977.11,34.98
2024-08-11 09:51:14,977.15,34.83
2024-08-11 09:51:24,976.99,34.78
2024-08-11 09:51:34,977.01,34.88
2024-08-11 09:51:44,976.82,34.90
2024-08-11 09:51:54,976.65,34.99
2024-08-11 09:52:05,976.41,35.13
2024-08-11 09:52:15,976.56,35.24
2024-08-11 09:52:25,976.73,35.21
2024-08-11 09:52:35,976.64,35.07
2024-08-11 09:52:45,976.88,35.13
2024-08-11 09:52:55,976.79,34.92
2024-08-11 09:53:06,976.42,35.04
2024-08-11 09:53:16,976.26,35.27
2024-08-11 09:53:26,976.72,35.33
2024-08-11 09:53:36,976.53,35.03
2024-08-11 09:53:46,976.27,35.21
2024-08-11 09:53:57,976.41,35.37
2024-08-11 09:54:07,976.94,35.27
2024-08-11 09:54:17,976.93,34.92
2024-08-11 09:54:27,976.75,34.99
2024-08-11 09:54:37,976.48,35.05
2024-08-11 09:54:47,976.43,35.23
2024-08-11 09:54:58,976.32,35.24
2024-08-11 09:55:08,976.50,35.31
2024-08-11 09:55:18,977.07,35.13
2024-08-11 09:55:28,977.20,34.90
2024-08-11 09:55:38,977.40,34.77
2024-08-11 09:55:48,977.25,34.71
2024-08-11 09:55:59,977.21,34.77
2024-08-11 09:56:09,977.45,34.85
2024-08-11 09:56:19,977.47,34.65
2024-08-11 09:56:29,977.20,34.65
2024-08-11 09:56:39,976.88,34.82
2024-08-11 09:56:50,976.75,35.00
2024-08-11 09:57:00,976.61,35.03
2024-08-11 09:57:10,976.38,35.19
2024-08-11 09:57:20,976.15,35.32
2024-08-11 09:57:30,976.02,35.47
2024-08-11 09:57:40,976.01,35.55
2024-08-11 09:57:51,976.40,35.54
2024-08-11 09:58:01,976.12,35.29
2024-08-11 09:58:11,976.05,35.46
2024-08-11 09:58:21,975.94,35.49
2024-08-11 09:58:31,976.04,35.59
2024-08-11 09:58:41,976.05,35.47
2024-08-11 09:58:52,976.03,35.41
2024-08-11 09:59:02,975.78,35.44
2024-08-11 09:59:12,975.92,35.64
2024-08-11 09:59:22,976.01,35.59
2024-08-11 09:59:32,975.59,35.47
2024-08-11 09:59:43,975.53,35.73
2024-08-11 09:59:53,975.45,35.76
2024-08-11 10:00:03,975.25,35.82
2024-08-11 10:00:13,975.30,35.89
2024-08-11 10:00:23,975.54,35.88
2024-08-11 10:00:33,975.83,35.74
2024-08-11 10:00:44,976.31,35.54
2024-08-11 10:00:54,976.75,35.29
2024-08-11 10:01:04,977.08,35.02
2024-08-11 10:01:14,977.15,34.86
2024-08-11 10:01:24,976.80,34.81
2024-08-11 10:01:35,976.42,35.03
2024-08-11 10:01:45,976.18,35.27
2024-08-11 10:01:55,976.39,35.36
2024-08-11 10:02:05,977.12,35.18
2024-08-11 10:02:15,977.24,34.73
2024-08-11 10:02:26,977.17,34.69
2024-08-11 10:02:36,976.88,34.80
2024-08-11 10:02:46,976.54,34.99
2024-08-11 10:02:56,976.25,35.17
2024-08-11 10:03:06,976.09,35.33
2024-08-11 10:03:17,975.94,35.50
2024-08-11 10:03:27,976.08,35.48
2024-08-11 10:03:37,975.94,35.43
2024-08-11 10:03:47,975.96,35.53
2024-08-11 10:03:57,976.21,35.48
2024-08-11 10:04:07,976.39,35.35
2024-08-11 10:04:18,976.59,35.23
2024-08-11 10:04:28,976.36,35.09
2024-08-11 10:04:38,976.13,35.26
2024-08-11 10:04:48,975.78,35.41
2024-08-11 10:04:58,976.09,35.63
2024-08-11 10:05:08,975.89,35.40
2024-08-11 10:05:19,975.75,35.52
2024-08-11 10:05:29,975.70,35.65
2024-08-11 10:05:39,975.78,35.67
2024-08-11 10:05:49,976.36,35.62
2024-08-11 10:05:59,976.43,35.26
2024-08-11 10:06:10,976.10,35.24
2024-08-11 10:06:20,975.76,35.42
2024-08-11 10:06:30,975.68,35.65
2024-08-11 10:06:40,975.78,35.71
2024-08-11 10:06:50,975.49,35.63
2024-08-11 10:07:00,975.28,35.80
2024-08-11 10:07:11,975.29,35.94
2024-08-11 10:07:21,975.35,35.92
2024-08-11 10:07:31,976.00,35.91
2024-08-11 10:07:41,976.02,35.49
2024-08-11 10:07:51,975.83,35.50
2024-08-11 10:08:02,975.78,35.66
2024-08-11 10:08:12,976.14,35.61
2024-08-11 10:08:22,975.97,35.41
2024-08-11 10:08:32,975.82,35.59
2024-08-11 10:08:42,975.93,35.60
2024-08-11 10:08:52,976.15,35.55
2024-08-11 10:09:03,975.84,35.41
2024-08-11 10:09:13,975.65,35.64
2024-08-11 10:09:23,975.78,35.73
2024-08-11 10:09:33,976.11,35.65
2024-08-11 10:09:43,976.11,35.42
2024-08-11 10:09:53,975.73,35.43
2024-08-11 10:10:04,975.59,35.68
2024-08-11 10:10:14,975.59,35.74
2024-08-11 10:10:24,975.53,35.72
2024-08-11 10:10:34,975.42,35.76
2024-08-11 10:10:44,975.52,35.84
2024-08-11 10:10:55,975.11,35.81
2024-08-11 10:11:05,975.09,36.02
2024-08-11 10:11:15,975.52,36.06
2024-08-11 10:11:25,975.61,35.78
2024-08-11 10:11:35,975.26,35.74
2024-08-11 10:11:45,975.19,35.91
2024-08-11 10:11:56,975.10,35.94
2024-08-11 10:12:06,975.51,35.98
2024-08-11 10:12:16,976.21,35.72
2024-08-11 10:12:26,976.50,35.32
2024-08-11 10:12:36,976.38,35.15
2024-08-11 10:12:46,976.35,35.21
2024-08-11 10:12:57,976.21,35.28
2024-08-11 10:13:07,976.13,35.27
2024-08-11 10:13:17,975.89,35.41
2024-08-11 10:13:27,975.77,35.56
2024-08-11 10:13:37,975.87,35.58
2024-08-11 10:13:47,975.99,35.55
2024-08-11 10:13:58,976.54,35.47
2024-08-11 10:14:08,976.66,35.12
2024-08-11 10:14:18,976.39,35.05
2024-08-11 10:14:28,976.67,35.26
2024-08-11 10:14:38,976.83,35.01
2024-08-11 10:14:49,976.70,34.97
2024-08-11 10:14:59,976.56,35.01
2024-08-11 10:15:09,976.49,35.15
2024-08-11 10:15:19,976.52,35.15
2024-08-11 10:15:29,976.14,35.17
2024-08-11 10:15:40,976.16,35.43
2024-08-11 10:15:50,975.87,35.38
2024-08-11 10:16:00,975.85,35.57
2024-08-11 10:16:10,975.77,35.56
2024-08-11 10:16:20,975.55,35.57
2024-08-11 10:16:30,975.34,35.72
2024-08-11 10:16:41,975.38,35.86
2024-08-11 10:16:51,975.77,35.82
2024-08-11 10:17:01,975.96,35.57
2024-08-11 10:31:25,979.72,23.80
2024-08-11 10:31:35,979.68,33.55
2024-08-11 10:31:45,980.33,33.06
2024-08-11 10:32:11,983.42,23.80
2024-08-11 10:32:21,983.31,31.17
2024-08-11 10:32:31,982.49,30.91
2024-08-11 10:32:42,980.47,31.51
2024-08-11 10:32:52,979.41,32.73
2024-08-11 10:33:02,978.33,33.38
2024-08-11 10:33:12,977.65,34.00
2024-08-11 10:33:22,977.15,34.36
2024-08-11 10:33:33,976.65,34.67
2024-08-11 10:33:43,976.29,34.97
2024-08-11 10:33:53,976.30,35.20
2024-08-11 10:34:03,976.19,35.19
2024-08-11 10:34:13,976.02,35.23
2024-08-11 10:34:24,975.85,35.32
2024-08-11 10:34:34,975.86,35.46
2024-08-11 10:34:44,975.64,35.47
2024-08-11 10:34:54,975.39,35.56
2024-08-11 10:35:04,975.15,35.72
2024-08-11 10:35:15,975.27,35.85
2024-08-11 10:35:25,975.42,35.77
2024-08-11 10:35:35,975.37,35.69
2024-08-11 10:35:45,975.70,35.73
2024-08-11 10:35:55,976.10,35.48
2024-08-11 10:36:06,976.31,35.31
2024-08-11 10:36:16,976.19,35.17
2024-08-11 10:36:26,976.13,35.23
2024-08-11 10:36:36,976.01,35.29
2024-08-11 10:36:46,975.93,35.31
2024-08-11 10:36:56,975.75,35.44
2024-08-11 10:37:07,975.77,35.50
2024-08-11 10:37:17,975.56,35.49
2024-08-11 10:37:27,975.38,35.61
2024-08-11 10:37:37,975.23,35.74
2024-08-11 10:37:47,975.20,35.81
2024-08-11 10:37:58,975.25,35.79
2024-08-11 10:38:08,975.12,35.74
2024-08-11 10:38:18,974.92,35.87
2024-08-11 10:38:28,974.99,35.99
2024-08-11 10:38:38,974.94,35.95
2024-08-11 10:38:48,974.96,35.99
2024-08-11 10:38:59,974.80,35.97
2024-08-11 10:39:09,975.06,36.02
2024-08-11 10:39:19,975.19,35.85
2024-08-11 10:39:29,975.28,35.81
2024-08-11 10:39:39,975.45,35.74
2024-08-11 10:39:49,975.43,35.64
2024-08-11 10:40:00,975.54,35.66
2024-08-11 10:40:10,975.57,35.60
2024-08-11 10:40:20,975.58,35.54
2024-08-11 10:40:30,975.53,35.53
2024-08-11 10:40:40,975.55,35.61
2024-08-11 10:40:50,975.65,35.61
2024-08-11 10:41:01,975.88,35.53
2024-08-11 10:41:11,975.92,35.39
2024-08-11 10:41:21,976.06,35.36
2024-08-11 10:41:31,975.96,35.27
2024-08-11 10:41:41,975.60,35.36
2024-08-11 10:41:52,975.49,35.59
2024-08-11 10:42:02,975.49,35.60
2024-08-11 10:42:12,975.52,35.63
2024-08-11 10:42:22,975.41,35.61
2024-08-11 10:42:32,975.35,35.66
2024-08-11 10:42:43,975.18,35.71
2024-08-11 10:42:53,975.03,35.79
2024-08-11 10:43:03,975.13,35.91
2024-08-11 10:43:13,975.27,35.86
2024-08-11 10:43:23,975.20,35.74
2024-08-11 10:43:34,975.14,35.78
2024-08-11 10:43:44,975.14,35.83
2024-08-11 10:43:54,975.12,35.80
2024-08-11 10:44:04,975.31,35.79
2024-08-11 10:44:14,975.37,35.71
2024-08-11 10:44:24,975.18,35.67
2024-08-11 10:44:35,974.95,35.78
2024-08-11 10:44:45,974.72,35.94
2024-08-11 10:44:55,974.70,36.10
2024-08-11 10:45:05,974.78,36.11
2024-08-11 10:45:15,974.68,36.05
2024-08-11 10:45:25,974.65,36.09
2024-08-11 10:45:36,974.37,36.14
2024-08-11 10:45:46,974.25,36.27
2024-08-11 10:45:56,973.80,36.37
2024-08-11 10:46:06,973.58,36.64
2024-08-11 10:46:17,973.98,36.75
2024-08-11 10:46:27,974.14,36.55
2024-08-11 10:46:37,974.23,36.44
2024-08-11 10:46:47,974.70,36.37
2024-08-11 10:46:57,974.86,36.11
2024-08-11 10:47:08,974.85,36.01
2024-08-11 10:47:18,974.77,36.00
2024-08-11 10:47:28,974.90,36.04
2024-08-11 10:47:38,975.27,35.92
2024-08-11 10:47:48,975.26,35.74
2024-08-11 10:47:58,975.48,35.74
2024-08-11 10:48:09,975.60,35.60
2024-08-11 10:48:19,975.58,35.56
2024-08-11 10:48:29,975.83,35.51
2024-08-11 10:48:39,975.84,35.35
2024-08-11 10:48:49,975.68,35.36
2024-08-11 10:49:00,975.53,35.50
2024-08-11 10:49:10,975.49,35.62
2024-08-11 10:49:20,975.68,35.60
2024-08-11 10:49:30,975.45,35.47
2024-08-11 10:49:40,975.38,35.63
2024-08-11 10:49:50,975.51,35.64
2024-08-11 10:50:01,975.61,35.54
2024-08-11 10:50:11,975.53,35.51
2024-08-11 10:50:21,975.41,35.59
2024-08-11 10:50:31,975.21,35.68
2024-08-11 10:50:41,975.20,35.79
2024-08-11 10:50:52,975.42,35.73
2024-08-11 10:51:02,975.38,35.63
2024-08-11 10:51:12,974.94,35.68
2024-08-11 10:51:22,974.53,35.92
2024-08-11 10:51:32,974.34,36.16
2024-08-11 10:51:43,974.14,36.27
2024-08-11 10:51:53,974.07,36.41
2024-08-11 10:52:03,974.42,36.44
2024-08-11 10:52:13,974.72,36.21
2024-08-11 10:52:23,974.85,36.02
2024-08-11 10:52:34,974.86,35.93
2024-08-11 10:52:44,974.60,35.99
2024-08-11 10:52:54,974.73,36.12
2024-08-11 10:53:04,974.55,36.03
2024-08-11 10:53:14,974.65,36.10
2024-08-11 10:53:24,974.79,36.04
2024-08-11 10:53:35,974.69,35.98
2024-08-11 10:53:45,975.20,36.03
2024-08-11 10:53:55,975.81,35.63
2024-08-11 10:54:05,976.28,35.33
2024-08-11 10:54:15,976.69,35.06
2024-08-11 10:54:26,977.05,34.77
2024-08-11 10:54:36,977.12,34.60
2024-08-11 10:54:46,976.86,34.52
2024-08-11 10:54:56,977.06,34.72
2024-08-11 10:55:07,976.87,34.66
2024-08-11 10:55:17,976.18,34.80
2024-08-11 10:55:27,976.06,35.14
2024-08-11 10:55:37,976.08,35.21
2024-08-11 10:55:47,976.02,35.22
2024-08-11 10:55:57,975.91,35.24
2024-08-11 10:56:08,975.82,35.31
2024-08-11 10:56:18,975.79,35.36
2024-08-11 10:56:28,975.65,35.37
2024-08-11 10:56:38,975.42,35.50
2024-08-11 10:56:48,975.44,35.57
2024-08-11 10:56:59,975.19,35.60
2024-08-11 10:57:09,975.04,35.75
2024-08-11 10:57:19,974.76,35.84
2024-08-11 10:57:29,975.04,36.02
2024-08-11 10:57:39,975.03,35.84
2024-08-11 10:57:50,974.87,35.83
2024-08-11 10:58:00,974.59,35.92
2024-08-11 10:58:10,974.35,36.06
2024-08-11 10:58:20,974.50,36.23
2024-08-11 10:58:30,974.48,36.14
2024-08-11 10:58:41,974.26,36.12
2024-08-11 10:58:51,974.28,36.26
2024-08-11 10:59:01,974.30,36.27
2024-08-11 10:59:11,974.44,36.23
2024-08-11 10:59:21,974.48,36.17
2024-08-11 10:59:31,974.56,36.15
2024-08-11 10:59:42,974.82,36.05
2024-08-11 10:59:52,975.18,35.92
2024-08-11 11:00:02,974.99,35.71
2024-08-11 11:00:12,974.92,35.83
2024-08-11 11:00:22,974.75,35.90
2024-08-11 11:00:33,974.61,35.98
2024-08-11 11:00:43,974.38,36.02
2024-08-11 11:00:53,974.06,36.21
2024-08-11 11:01:03,973.91,36.37
2024-08-11 11:01:13,974.10,36.42
2024-08-11 11:01:24,974.10,36.35
2024-08-11 11:01:34,974.32,36.34
2024-08-11 11:01:44,974.56,36.18
2024-08-11 11:01:54,974.66,36.01
2024-08-11 11:02:04,975.13,35.94
2024-08-11 11:02:15,975.21,35.71
2024-08-11 11:02:25,974.93,35.72
2024-08-11 11:02:35,974.92,35.81
2024-08-11 11:02:45,974.62,35.85
2024-08-11 11:02:55,974.13,36.06
2024-08-11 11:03:06,973.89,36.30
2024-08-11 11:03:16,973.92,36.49
2024-08-11 11:03:26,974.18,36.41
2024-08-11 11:03:36,974.17,36.25
2024-08-11 11:03:46,974.22,36.27
2024-08-11 11:03:57,974.03,36.24
2024-08-11 11:04:07,973.91,36.34
2024-08-11 11:04:17,973.76,36.46
2024-08-11 11:04:27,973.95,36.49
2024-08-11 11:04:37,974.20,36.43
2024-08-11 11:04:48,974.33,36.28
2024-08-11 11:04:58,974.45,36.19
2024-08-11 11:05:08,974.37,36.11
2024-08-11 11:05:18,974.56,36.12
2024-08-11 11:05:28,974.79,36.02
2024-08-11 11:05:39,974.89,35.87
2024-08-11 11:05:49,974.59,35.83
2024-08-11 11:05:59,974.49,36.01
2024-08-11 11:06:09,974.65,36.04
2024-08-11 11:06:22,974.69,35.96
2024-08-11 11:06:33,975.13,35.96
2024-08-11 11:06:43,975.27,35.61
2024-08-11 11:06:53,975.42,35.54
2024-08-11 11:07:03,975.23,35.50
2024-08-11 11:07:13,975.05,35.62
2024-08-11 11:07:24,975.07,35.70
2024-08-11 11:07:34,974.99,35.71
2024-08-11 11:07:44,974.82,35.76
2024-08-11 11:07:54,974.57,35.84
2024-08-11 11:08:04,974.46,36.03
2024-08-11 11:08:15,974.74,36.04
2024-08-11 11:08:25,974.96,35.94
2024-08-11 11:08:35,975.23,35.72
2024-08-11 11:08:45,975.44,35.60
2024-08-11 11:08:55,975.70,35.45
2024-08-11 11:09:06,975.99,35.26
2024-08-11 11:09:16,976.17,35.11
2024-08-11 11:09:26,976.26,35.03
2024-08-11 11:09:37,976.15,35.00
2024-08-11 11:09:47,975.90,35.08
2024-08-11 11:09:57,975.69,35.22
2024-08-11 11:10:07,975.30,35.36
2024-08-11 11:10:17,974.98,35.57
2024-08-11 11:10:28,975.01,35.76
2024-08-11 11:10:38,974.98,35.76
2024-08-11 11:10:48,974.63,35.72
2024-08-11 11:10:58,974.31,35.97
2024-08-11 11:11:08,974.27,36.10
2024-08-11 11:11:18,974.15,36.18
2024-08-11 11:11:29,974.20,36.19
2024-08-11 11:11:39,974.28,36.21
2024-08-11 11:11:49,974.29,36.12
2024-08-11 11:11:59,974.89,36.15
2024-08-11 11:12:09,974.55,36.03
2024-08-11 11:12:20,974.08,36.09
2024-08-11 11:12:30,974.08,36.29
2024-08-11 11:12:40,973.95,36.25
2024-08-11 11:12:50,973.83,36.37
2024-08-11 11:13:00,973.79,36.44
2024-08-11 11:13:10,973.36,36.45
2024-08-11 11:13:21,973.41,36.73
2024-08-11 11:13:31,973.36,36.67
2024-08-11 11:13:41,973.27,36.75
2024-08-11 11:13:51,973.43,36.77
2024-08-11 11:14:01,973.47,36.65
2024-08-11 11:14:12,973.50,36.62
2024-08-11 11:14:22,973.28,36.63
2024-08-11 11:14:32,973.13,36.77
2024-08-11 11:14:42,973.17,36.87
2024-08-11 11:14:52,973.18,36.83
2024-08-11 11:15:02,973.18,36.80
2024-08-11 11:15:13,973.43,36.81
2024-08-11 11:15:23,973.55,36.63
2024-08-11 11:15:33,973.18,36.57
2024-08-11 11:15:43,973.07,36.82
2024-08-11 11:15:53,972.85,36.88
2024-08-11 11:16:04,972.97,37.01
2024-08-11 11:16:14,972.78,36.97
2024-08-11 11:16:24,972.74,37.06
2024-08-11 11:16:34,972.99,37.07
2024-08-11 11:16:44,973.57,36.96
2024-08-11 11:16:54,973.70,36.58
2024-08-11 11:17:05,973.40,36.53
2024-08-11 11:17:15,973.20,36.66
2024-08-11 11:17:25,973.02,36.77
2024-08-11 11:17:35,973.03,36.93
2024-08-11 11:17:45,973.14,36.91
2024-08-11 11:17:56,972.96,36.83
2024-08-11 11:18:06,972.95,36.96
2024-08-11 11:18:16,972.73,36.95
2024-08-11 11:18:26,972.80,37.07
2024-08-11 11:18:36,972.88,37.03
2024-08-11 11:18:47,972.83,36.97
2024-08-11 11:18:57,972.86,36.99
2024-08-11 11:19:07,972.81,36.97
2024-08-11 11:19:17,972.78,36.98
2024-08-11 11:19:27,972.74,37.05
2024-08-11 11:19:37,972.85,37.05
2024-08-11 11:19:48,973.51,37.00
2024-08-11 11:19:58,973.81,36.57
2024-08-11 11:20:08,973.71,36.46
2024-08-11 11:20:18,973.70,36.51
2024-08-11 11:20:28,973.84,36.48
2024-08-11 11:20:39,974.01,36.42
2024-08-11 11:20:49,974.11,36.31
2024-08-11 11:20:59,974.47,36.26
2024-08-11 11:21:09,974.27,36.02
2024-08-11 11:21:19,974.12,36.18
2024-08-11 11:21:30,973.84,36.28
2024-08-11 11:21:40,973.74,36.43
2024-08-11 11:21:50,973.71,36.45
2024-08-11 11:22:00,973.60,36.50
2024-08-11 11:22:10,973.70,36.53
2024-08-11 11:22:20,973.92,36.54
2024-08-11 11:22:31,973.77,36.36
2024-08-11 11:22:41,973.82,36.48
2024-08-11 11:22:51,973.90,36.44
2024-08-11 11:23:01,974.35,36.35
2024-08-11 11:23:11,974.51,36.08
2024-08-11 11:23:22,974.60,36.07
2024-08-11 11:23:32,974.28,35.97
2024-08-11 11:23:42,974.26,36.17
2024-08-11 11:23:52,973.93,36.22
2024-08-11 11:24:02,974.02,36.36
2024-08-11 11:24:12,974.16,36.29
2024-08-11 11:24:23,974.26,36.18
2024-08-11 11:24:33,974.29,36.15
2024-08-11 11:24:43,974.56,36.11
2024-08-11 11:24:53,974.74,35.97
2024-08-11 11:25:03,975.03,35.82
2024-08-11 11:25:13,975.32,35.64
2024-08-11 11:25:24,975.50,35.52
2024-08-11 11:25:34,975.65,35.38
2024-08-11 11:25:44,975.63,35.31
2024-08-11 11:25:54,975.63,35.33
2024-08-11 11:26:04,975.63,35.34
2024-08-11 11:26:14,975.77,35.32
2024-08-11 11:26:25,975.80,35.24
2024-08-11 11:26:35,975.86,35.21
2024-08-11 11:26:45,975.81,35.19
2024-08-11 11:26:55,975.86,35.24
2024-08-11 11:27:05,975.78,35.19
2024-08-11 11:27:16,975.86,35.20
2024-08-11 11:27:26,975.89,35.19
2024-08-11 11:27:36,975.89,35.18
2024-08-11 11:27:46,975.81,35.19
2024-08-11 11:27:56,975.89,35.21
2024-08-11 11:28:06,976.00,35.16
2024-08-11 11:28:17,975.82,35.06
2024-08-11 11:28:27,975.68,35.14
2024-08-11 11:28:37,975.33,35.29
2024-08-11 11:28:47,974.98,35.49
2024-08-11 11:28:57,974.67,35.68
2024-08-11 11:29:08,974.32,35.89
2024-08-11 11:29:18,974.19,36.05
2024-08-11 11:29:28,974.18,36.14
2024-08-11 11:29:38,974.26,36.19
2024-08-11 11:29:48,974.23,36.15
2024-08-11 11:29:58,974.15,36.13
2024-08-11 11:30:09,973.79,36.18
2024-08-11 11:30:19,973.53,36.36
2024-08-11 11:30:29,973.62,36.54
2024-08-11 11:30:39,973.44,36.47
2024-08-11 11:30:49,973.48,36.58
2024-08-11 11:31:00,973.37,36.60
2024-08-11 11:31:10,973.61,36.62
2024-08-11 11:31:20,973.68,36.47
2024-08-11 11:31:30,973.87,36.48
2024-08-11 11:31:40,973.56,36.32
2024-08-11 11:31:51,973.43,36.52
2024-08-11 11:32:01,973.26,36.61
2024-08-11 11:32:11,973.14,36.70
2024-08-11 11:32:21,973.16,36.78
2024-08-11 11:32:31,973.05,36.77
2024-08-11 11:32:41,973.32,36.81
2024-08-11 11:32:52,973.39,36.63
2024-08-11 11:33:02,973.10,36.59
2024-08-11 11:33:12,972.93,36.81
2024-08-11 11:33:22,972.46,36.88
2024-08-11 11:33:32,972.38,37.13
2024-08-11 11:33:42,972.32,37.23
2024-08-11 11:33:53,972.37,37.27
2024-08-11 11:34:03,972.73,37.22
2024-08-11 11:34:13,979.59,36.98
2024-08-11 11:34:23,972.49,37.10
2024-08-11 11:34:33,972.27,37.14
2024-08-11 11:34:43,971.98,37.31
2024-08-11 11:34:54,971.99,37.45
2024-08-11 11:35:04,972.07,37.45
2024-08-11 11:35:14,972.10,37.41
2024-08-11 11:35:24,971.89,37.38
2024-08-11 11:35:35,971.74,37.48
2024-08-11 11:35:45,971.76,37.53
2024-08-11 11:35:55,971.76,37.57
2024-08-11 11:36:05,971.73,37.56
2024-08-11 11:36:15,971.81,37.62
2024-08-11 11:36:25,971.84,37.55
2024-08-11 11:36:36,972.09,37.50
2024-08-11 11:36:46,972.05,37.41
2024-08-11 11:36:56,972.00,37.38
2024-08-11 11:37:06,971.66,37.47
2024-08-11 11:37:16,971.48,37.65
2024-08-11 11:37:27,971.49,37.77
2024-08-11 11:37:37,971.27,37.79
2024-08-11 11:37:47,971.13,37.86
2024-08-11 11:37:57,971.96,37.99
2024-08-11 11:38:07,979.51,37.39
2024-08-11 11:38:17,972.77,37.05
2024-08-11 11:38:28,973.22,36.93
2024-08-11 11:38:38,973.44,36.68
2024-08-11 11:38:48,973.81,36.53
2024-08-11 11:38:58,973.65,36.28
2024-08-11 11:39:08,973.84,36.46
2024-08-11 11:39:18,973.40,36.30
2024-08-11 11:39:29,972.85,36.63
2024-08-11 11:39:39,972.68,36.92
2024-08-11 11:39:49,973.10,37.04
2024-08-11 11:39:59,973.24,36.73
2024-08-11 11:40:09,973.14,36.65
2024-08-11 11:40:20,972.78,36.77
2024-08-11 11:40:30,979.62,36.98
2024-08-11 11:40:40,972.58,37.05
2024-08-11 11:40:50,972.79,37.10
2024-08-11 11:41:00,979.57,36.93
2024-08-11 11:41:11,972.31,37.05
2024-08-11 11:41:21,972.10,37.21
2024-08-11 11:41:31,972.11,37.34
2024-08-11 11:41:41,971.86,37.38
2024-08-11 11:41:51,972.04,37.53
2024-08-11 11:42:01,971.75,37.37
2024-08-11 11:42:12,971.95,37.54
2024-08-11 11:42:22,971.83,37.41
2024-08-11 11:42:32,971.93,37.50
2024-08-11 11:42:42,972.07,37.47
2024-08-11 11:42:52,972.19,37.35
2024-08-11 11:43:02,972.25,37.32
2024-08-11 11:43:13,971.99,37.25
2024-08-11 11:43:23,972.32,37.42
2024-08-11 11:43:36,971.86,37.19
2024-08-11 11:43:46,972.20,37.49
2024-08-11 11:43:56,972.07,37.26
2024-08-11 11:44:06,972.14,37.35
2024-08-11 11:44:17,972.22,37.34
2024-08-11 11:44:27,972.34,37.22
2024-08-11 11:44:37,972.35,37.13
2024-08-11 11:44:47,972.41,37.14
2024-08-11 11:44:57,972.28,37.10
2024-08-11 11:45:07,972.02,37.21
2024-08-11 11:45:18,972.00,37.39
2024-08-11 11:45:28,972.38,37.38
2024-08-11 11:45:38,972.44,37.12
2024-08-11 11:45:48,972.33,37.09
2024-08-11 11:45:58,972.43,37.18
2024-08-11 11:46:09,972.44,37.11
2024-08-11 11:46:19,979.60,37.11
2024-08-11 11:46:29,972.86,36.99
2024-08-11 11:46:39,979.55,36.83
2024-08-11 11:46:49,972.40,37.01
2024-08-11 11:46:59,979.52,37.11
2024-08-11 11:47:10,973.05,37.00
2024-08-11 11:47:23,972.87,36.69
2024-08-11 11:47:33,972.50,36.79
2024-08-11 11:47:43,972.12,37.07
2024-08-11 11:47:53,972.04,37.27
2024-08-11 11:48:04,971.87,37.31
2024-08-11 11:48:14,971.69,37.42
2024-08-11 11:48:24,971.52,37.54
2024-08-11 11:48:34,971.59,37.64
2024-08-11 11:48:44,971.68,37.58
2024-08-11 11:48:55,971.71,37.51
2024-08-11 11:49:05,971.71,37.52
2024-08-11 11:49:15,971.90,37.53
2024-08-11 11:49:25,972.13,37.45
2024-08-11 11:49:35,972.75,37.24
2024-08-11 11:49:45,973.28,36.85
2024-08-11 11:49:56,973.65,36.54
2024-08-11 11:50:06,973.87,36.28
2024-08-11 11:50:16,973.96,36.18
2024-08-11 11:50:26,974.18,36.11
2024-08-11 11:50:36,974.19,36.02
2024-08-11 11:50:47,974.31,35.99
2024-08-11 11:50:57,974.50,35.92
2024-08-11 11:51:07,974.60,35.83
2024-08-11 11:51:17,974.60,35.78
2024-08-11 11:51:27,974.68,35.77
2024-08-11 11:51:38,974.63,35.78
2024-08-11 11:51:48,974.63,35.78
2024-08-11 11:51:58,974.68,35.76
2024-08-11 11:52:08,974.77,35.73
2024-08-11 11:52:18,974.80,35.67
2024-08-11 11:52:28,974.69,35.67
2024-08-11 11:52:39,974.55,35.74
2024-08-11 11:52:49,974.57,35.78
2024-08-11 11:52:59,974.57,35.77
2024-08-11 11:53:09,974.52,35.79
2024-08-11 11:53:19,974.43,35.81
2024-08-11 11:53:29,974.43,35.84
2024-08-11 11:53:40,974.45,35.87
2024-08-11 11:53:50,974.40,35.84
2024-08-11 11:54:00,974.49,35.84
2024-08-11 11:54:10,974.52,35.81
2024-08-11 11:54:20,974.38,35.84
2024-08-11 11:54:31,974.40,35.85
2024-08-11 11:54:41,974.35,35.84
2024-08-11 11:54:51,974.40,35.85
2024-08-11 11:55:01,974.40,35.84
2024-08-11 11:55:11,974.40,35.83
2024-08-11 11:55:22,974.38,35.82
2024-08-11 11:55:32,974.32,35.85
2024-08-11 11:55:42,974.37,35.86
2024-08-11 11:55:52,974.49,35.82
2024-08-11 11:56:02,974.49,35.81
2024-08-11 11:56:12,974.49,35.78
2024-08-11 11:56:23,974.52,35.78
2024-08-11 11:56:33,974.38,35.78
2024-08-11 11:56:43,974.46,35.84
2024-08-11 11:56:53,974.49,35.83
2024-08-11 11:57:03,974.38,35.83
2024-08-11 11:57:13,974.24,35.85
2024-08-11 11:57:24,974.29,35.88
2024-08-11 11:57:34,974.23,35.89
2024-08-11 11:57:44,974.29,35.91
2024-08-11 11:57:54,974.21,35.89
2024-08-11 11:58:04,974.21,35.91
2024-08-11 11:58:14,974.26,35.93
2024-08-11 11:58:25,974.34,35.92
2024-08-11 11:58:35,974.26,35.90
2024-08-11 11:58:45,974.21,35.90
2024-08-11 11:58:55,974.18,35.92
2024-08-11 11:59:05,974.26,35.94
2024-08-11 11:59:15,974.32,35.88
2024-08-11 11:59:26,974.32,35.81
2024-08-11 11:59:36,974.10,35.84
2024-08-11 11:59:46,973.65,36.02
2024-08-11 11:59:56,973.15,36.32
2024-08-11 12:00:07,972.74,36.58
2024-08-11 12:00:17,972.47,36.85
2024-08-11 12:00:27,972.01,37.04
2024-08-11 12:00:37,972.01,37.26
2024-08-11 12:00:47,971.91,37.23
2024-08-11 12:00:57,971.82,37.32
2024-08-11 12:01:08,971.61,37.43
2024-08-11 12:01:18,971.38,37.52
2024-08-11 12:01:28,971.28,37.67
2024-08-11 12:01:38,971.33,37.72
2024-08-11 12:01:48,971.23,37.71
2024-08-11 12:01:59,971.06,37.76
2024-08-11 12:02:09,971.13,37.83
2024-08-11 12:02:19,970.94,37.80
2024-08-11 12:02:29,970.96,37.92
2024-08-11 12:02:39,970.82,37.92
2024-08-11 12:02:49,970.62,38.01
2024-08-11 12:03:00,970.58,38.12
2024-08-11 12:03:10,970.58,38.13
2024-08-11 12:03:20,970.25,38.10
2024-08-11 12:03:30,969.77,38.30
2024-08-11 12:03:40,970.03,38.60
2024-08-11 12:03:51,970.22,38.43
2024-08-11 12:04:01,970.17,38.36
2024-08-11 12:04:11,970.23,38.34
2024-08-11 12:04:21,970.06,38.38
2024-08-11 12:04:31,969.61,38.47
2024-08-11 12:04:42,969.50,38.73
2024-08-11 12:04:52,969.11,38.78
2024-08-11 12:05:02,969.28,38.99
2024-08-11 12:05:15,969.04,38.89
2024-08-11 12:05:25,968.94,39.05
2024-08-11 12:05:36,969.08,39.07
2024-08-11 12:05:46,968.84,39.04
2024-08-11 12:05:56,968.74,39.16
2024-08-11 12:06:06,969.04,39.18
2024-08-11 12:06:17,969.22,39.03
2024-08-11 12:06:27,969.18,38.92
2024-08-11 12:06:37,969.01,38.95
2024-08-11 12:06:47,969.97,39.08
2024-08-11 12:06:57,971.03,38.43
2024-08-11 12:07:07,970.65,37.77
2024-08-11 12:07:18,970.94,38.06
2024-08-11 12:07:30,971.04,37.88
2024-08-11 12:07:40,971.64,37.86
2024-08-11 12:07:51,972.21,37.40
2024-08-11 12:08:01,979.53,37.04
2024-08-11 12:08:11,972.12,36.81
2024-08-11 12:08:21,971.66,37.20
2024-08-11 12:08:31,971.55,37.47
2024-08-11 12:08:42,971.00,37.50
2024-08-11 12:08:52,970.80,37.88
2024-08-11 12:09:02,970.93,37.95
2024-08-11 12:09:12,970.36,37.92
2024-08-11 12:09:22,970.51,38.27
2024-08-11 12:09:33,970.19,38.14
2024-08-11 12:09:43,970.07,38.31
2024-08-11 12:09:53,969.78,38.42
2024-08-11 12:10:03,969.46,38.59
2024-08-11 12:10:14,969.36,38.75
2024-08-11 12:10:24,970.28,38.83
2024-08-11 12:10:34,970.34,38.27
2024-08-11 12:10:44,970.94,38.27
2024-08-11 12:10:54,970.94,37.87
2024-08-11 12:11:04,970.58,37.87
2024-08-11 12:11:15,970.03,38.11
2024-08-11 12:11:25,970.27,38.43
2024-08-11 12:11:35,970.67,38.27
2024-08-11 12:11:45,971.49,37.99
2024-08-11 12:11:55,971.90,37.54
2024-08-11 12:12:05,971.79,37.26
2024-08-11 12:12:16,971.65,37.37
2024-08-11 12:12:26,971.47,37.47
2024-08-11 12:12:36,970.86,37.56
2024-08-11 12:12:46,970.27,37.95
2024-08-11 12:12:56,970.48,38.28
2024-08-11 12:13:07,970.17,38.14
2024-08-11 12:13:17,969.85,38.30
2024-08-11 12:13:27,969.69,38.52
2024-08-11 12:13:37,969.86,38.68
2024-08-11 12:13:47,969.66,38.55
2024-08-11 12:13:57,969.48,38.63
2024-08-11 12:14:08,969.88,38.77
2024-08-11 12:14:18,970.08,38.46
2024-08-11 12:14:28,970.50,38.35
2024-08-11 12:14:38,970.92,38.03
2024-08-11 12:14:48,970.41,37.89
2024-08-11 12:14:58,970.46,38.17
2024-08-11 12:15:09,970.15,38.10
2024-08-11 12:15:19,970.14,38.35
2024-08-11 12:15:29,970.77,38.31
2024-08-11 12:15:39,971.31,37.95
2024-08-11 12:15:49,971.37,37.62
2024-08-11 12:16:00,971.10,37.58
2024-08-11 12:16:10,970.79,37.74
2024-08-11 12:16:20,970.43,37.98
2024-08-11 12:16:30,970.52,38.16
2024-08-11 12:16:40,970.97,38.08
2024-08-11 12:16:50,970.67,37.79
2024-08-11 12:17:01,970.51,38.02
2024-08-11 12:17:11,970.31,38.09
2024-08-11 12:17:21,970.11,38.18
2024-08-11 12:17:31,969.95,38.36
2024-08-11 12:17:41,969.69,38.49
2024-08-11 12:17:52,969.27,38.61
2024-08-11 12:18:02,969.48,38.86
2024-08-11 12:18:12,969.39,38.73
2024-08-11 12:18:22,969.90,38.80
2024-08-11 12:18:32,970.06,38.39
2024-08-11 12:18:43,970.01,38.36
2024-08-11 12:18:53,970.16,38.41
2024-08-11 12:19:03,970.15,38.31
2024-08-11 12:19:13,970.49,38.38
2024-08-11 12:19:23,970.42,38.09
2024-08-11 12:19:34,970.99,38.13
2024-08-11 12:19:44,971.02,37.80
2024-08-11 12:19:54,970.53,37.83
2024-08-11 12:20:04,970.30,38.17
2024-08-11 12:20:14,969.82,38.30
2024-08-11 12:20:24,969.90,38.53
2024-08-11 12:20:35,969.77,38.51
2024-08-11 12:20:45,969.76,38.57
2024-08-11 12:20:55,970.01,38.57
2024-08-11 12:21:05,970.41,38.44
2024-08-11 12:21:16,970.46,38.22
2024-08-11 12:21:26,970.33,38.14
2024-08-11 12:21:36,969.96,38.26
2024-08-11 12:21:46,969.45,38.48
2024-08-11 12:21:56,969.28,38.72
2024-08-11 12:22:07,968.96,38.87
2024-08-11 12:22:17,969.24,39.07
2024-08-11 12:22:27,969.13,38.83
2024-08-11 12:22:37,968.87,38.96
2024-08-11 12:22:47,968.93,39.13
2024-08-11 12:22:57,969.03,39.04
2024-08-11 12:23:08,969.63,39.02
2024-08-11 12:23:18,969.37,38.65
2024-08-11 12:23:28,969.44,38.80
2024-08-11 12:23:39,969.55,38.76
2024-08-11 12:23:49,969.47,38.73
2024-08-11 12:23:59,969.55,38.77
2024-08-11 12:24:09,970.24,38.69
2024-08-11 12:24:19,970.37,38.25
2024-08-11 12:24:30,970.65,38.20
2024-08-11 12:24:40,971.08,38.01
2024-08-11 12:24:50,970.79,37.72
2024-08-11 12:25:00,970.38,37.93
2024-08-11 12:25:10,970.10,38.22
2024-08-11 12:25:20,969.89,38.41
2024-08-11 12:25:31,969.80,38.47
2024-08-11 12:25:41,969.52,38.57
2024-08-11 12:25:51,969.61,38.73
2024-08-11 12:26:01,969.81,38.66
2024-08-11 12:26:11,969.84,38.58
2024-08-11 12:26:21,969.69,38.52
2024-08-11 12:26:32,969.60,38.57
2024-08-11 12:26:42,969.47,38.71
2024-08-11 12:26:52,969.64,38.72
2024-08-11 12:27:02,969.83,38.66
2024-08-11 12:27:12,969.84,38.58
2024-08-11 12:27:23,969.74,38.57
2024-08-11 12:27:33,969.67,38.64
2024-08-11 12:27:43,969.97,38.67
2024-08-11 12:27:53,970.02,38.45
2024-08-11 12:28:03,970.16,38.43
2024-08-11 12:28:14,970.44,38.34
2024-08-11 12:28:24,970.19,38.14
2024-08-11 12:28:34,970.07,38.30
2024-08-11 12:28:44,969.83,38.43
2024-08-11 12:28:54,970.17,38.55
2024-08-11 12:29:05,969.91,38.28
2024-08-11 12:29:15,970.02,38.48
2024-08-11 12:29:25,970.03,38.41
2024-08-11 12:29:35,970.14,38.42
2024-08-11 12:29:45,969.90,38.36
2024-08-11 12:29:55,969.72,38.49
2024-08-11 12:30:06,969.79,38.57
2024-08-11 12:30:16,969.54,38.59
2024-08-11 12:30:26,969.51,38.67
2024-08-11 12:30:36,969.80,38.69
2024-08-11 12:30:46,970.62,38.51
2024-08-11 12:30:57,971.36,37.98
2024-08-11 12:31:07,971.54,37.54
2024-08-11 12:31:17,971.71,37.51
2024-08-11 12:31:27,971.21,37.35
2024-08-11 12:31:37,970.65,37.71
2024-08-11 12:31:47,970.81,38.02
2024-08-11 12:31:58,970.49,37.91
2024-08-11 12:32:08,970.36,38.13
2024-08-11 12:32:18,970.92,38.19
2024-08-11 12:32:28,971.32,37.81
2024-08-11 12:32:38,970.95,37.49
2024-08-11 12:32:48,970.86,37.80
2024-08-11 12:32:59,971.02,37.84
2024-08-11 12:33:09,970.57,37.75
2024-08-11 12:33:19,970.37,38.04
2024-08-11 12:33:29,970.08,38.18
2024-08-11 12:33:39,970.03,38.36
2024-08-11 12:33:50,970.58,38.38
2024-08-11 12:34:00,970.59,38.02
2024-08-11 12:34:10,970.53,38.04
2024-08-11 12:34:20,970.25,38.10
2024-08-11 12:34:30,970.15,38.29
2024-08-11 12:34:41,970.80,38.34
2024-08-11 12:34:51,970.98,37.91
2024-08-11 12:35:01,970.97,37.79
2024-08-11 12:35:11,970.88,37.85
2024-08-11 12:35:21,970.90,37.91
2024-08-11 12:35:31,970.80,37.89
2024-08-11 12:35:42,970.81,37.97
2024-08-11 12:35:52,970.49,37.93
2024-08-11 12:36:02,970.58,38.12
2024-08-11 12:36:12,970.34,38.07
2024-08-11 12:36:22,970.16,38.23
2024-08-11 12:36:33,970.04,38.32
2024-08-11 12:36:43,970.22,38.41
2024-08-11 12:36:53,970.37,38.27
2024-08-11 12:37:03,970.63,38.18
2024-08-11 12:37:13,970.75,38.02
2024-08-11 12:37:23,970.48,37.99
2024-08-11 12:37:34,970.76,38.18
2024-08-11 12:37:44,971.12,37.89
2024-08-11 12:37:54,971.06,37.76
2024-08-11 12:38:04,970.67,37.77
2024-08-11 12:38:14,970.54,37.98
2024-08-11 12:38:25,970.36,38.12
2024-08-11 12:38:35,970.19,38.20
2024-08-11 12:38:45,970.05,38.26
2024-08-11 12:38:55,969.90,38.35
2024-08-11 12:39:05,969.75,38.44
2024-08-11 12:39:16,969.79,38.54
2024-08-11 12:39:26,969.61,38.50
2024-08-11 12:39:36,969.54,38.63
2024-08-11 12:39:46,969.53,38.67
2024-08-11 12:39:56,969.24,38.64
2024-08-11 12:40:06,969.43,38.84
2024-08-11 12:40:17,969.39,38.72
2024-08-11 12:40:27,969.31,38.73
2024-08-11 12:40:37,969.19,38.80
2024-08-11 12:40:47,969.10,38.90
2024-08-11 12:40:57,969.07,38.88
2024-08-11 12:41:08,969.23,38.95
2024-08-11 12:41:18,969.29,38.85
2024-08-11 12:41:28,969.50,38.76
2024-08-11 12:41:38,969.94,38.70
2024-08-11 12:41:48,970.30,38.39
2024-08-11 12:41:58,970.39,38.14
2024-08-11 12:42:09,970.36,38.10
2024-08-11 12:42:19,970.36,38.10
2024-08-11 12:42:29,970.36,38.14
2024-08-11 12:42:39,970.28,38.11
2024-08-11 12:42:49,970.62,38.21
2024-08-11 12:43:00,971.30,37.99
2024-08-11 12:43:10,971.08,37.55
2024-08-11 12:43:20,970.52,37.72
2024-08-11 12:43:30,970.10,38.04
2024-08-11 12:43:41,969.96,38.31
2024-08-11 12:43:51,969.84,38.38
2024-08-11 12:44:01,969.91,38.47
2024-08-11 12:44:11,970.55,38.40
2024-08-11 12:44:21,970.83,38.05
2024-08-11 12:44:31,972.16,37.84
2024-08-11 12:44:42,972.63,37.56
2024-08-11 12:44:52,972.77,37.30
2024-08-11 12:45:02,972.51,37.20
2024-08-11 12:45:12,972.17,37.35
2024-08-11 12:45:22,972.20,37.55
2024-08-11 12:45:33,972.03,37.55
2024-08-11 12:45:43,971.92,37.62
2024-08-11 12:45:53,971.50,37.72
2024-08-11 12:46:03,971.42,37.93
2024-08-11 12:46:13,971.14,38.00
2024-08-11 12:46:23,970.88,38.14
2024-08-11 12:46:34,970.61,38.32
2024-08-11 12:46:44,970.60,38.42
2024-08-11 12:46:54,970.76,38.47
2024-08-11 12:47:04,970.99,38.36
2024-08-11 12:47:14,971.02,38.27
2024-08-11 12:47:25,971.22,38.23
2024-08-11 12:47:35,971.21,38.12
2024-08-11 12:47:45,971.64,38.11
2024-08-11 12:47:55,971.76,37.77
2024-08-11 12:48:05,971.74,37.75
2024-08-11 12:48:16,971.63,37.75
2024-08-11 12:48:26,971.65,37.85
2024-08-11 12:48:36,971.45,37.88
2024-08-11 12:48:46,971.19,37.98
2024-08-11 12:48:56,971.23,38.13
2024-08-11 12:49:06,971.18,38.11
2024-08-11 12:49:17,971.07,38.14
2024-08-11 12:49:27,970.97,38.23
2024-08-11 12:49:37,971.32,38.29
2024-08-11 12:49:47,971.46,38.05
2024-08-11 12:49:57,971.67,37.91
2024-08-11 12:50:07,971.89,37.81
2024-08-11 12:50:18,972.21,37.71
2024-08-11 12:50:28,972.36,37.55
2024-08-11 12:50:38,972.11,37.38
2024-08-11 12:50:48,971.98,37.56
2024-08-11 12:50:58,971.72,37.64
2024-08-11 12:51:09,971.98,37.77
2024-08-11 12:51:19,972.14,37.62
2024-08-11 12:51:29,972.28,37.50
2024-08-11 12:51:39,972.07,37.48
2024-08-11 12:51:49,971.89,37.61
2024-08-11 12:51:59,971.74,37.72
2024-08-11 12:52:10,971.48,37.85
2024-08-11 12:52:20,971.25,37.99
2024-08-11 12:52:30,971.29,38.11
2024-08-11 12:52:40,971.10,38.09
2024-08-11 12:52:51,971.17,38.17
2024-08-11 12:53:01,971.01,38.16
2024-08-11 12:53:11,970.97,38.27
2024-08-11 12:53:21,970.89,38.29
2024-08-11 12:53:31,970.86,38.30
2024-08-11 12:53:41,970.63,38.37
2024-08-11 12:53:52,970.48,38.48
2024-08-11 12:54:04,970.94,38.53
2024-08-11 12:54:15,971.14,38.25
2024-08-11 12:54:25,970.87,38.16
2024-08-11 12:54:35,970.97,38.30
2024-08-11 12:54:45,970.65,38.20
2024-08-11 12:54:56,970.74,38.40
2024-08-11 12:55:06,971.12,38.38
2024-08-11 12:55:16,971.62,38.11
2024-08-11 12:55:26,971.65,37.80
2024-08-11 12:55:36,971.46,37.80
2024-08-11 12:55:46,971.18,37.90
2024-08-11 12:55:57,971.04,38.11
2024-08-11 12:56:07,971.23,38.17
2024-08-11 12:56:17,971.02,38.05
2024-08-11 12:56:27,970.71,38.19
2024-08-11 12:56:37,970.60,38.39
2024-08-11 12:56:47,970.87,38.42
2024-08-11 12:56:58,970.89,38.28
2024-08-11 12:57:08,971.49,38.26
2024-08-11 12:57:18,971.48,37.88
2024-08-11 12:57:28,971.53,37.91
2024-08-11 12:57:38,971.32,37.87
2024-08-11 12:57:49,970.93,38.10
2024-08-11 12:57:59,970.72,38.28
2024-08-11 12:58:09,970.49,38.39
2024-08-11 12:58:19,970.37,38.48
2024-08-11 12:58:29,970.55,38.61
2024-08-11 12:58:39,970.38,38.46
2024-08-11 12:58:50,970.14,38.58
2024-08-11 12:59:00,969.94,38.72
2024-08-11 12:59:10,970.14,38.85
2024-08-11 12:59:20,970.56,38.72
2024-08-11 12:59:30,970.79,38.39
2024-08-11 12:59:41,970.67,38.27
2024-08-11 12:59:51,970.63,38.42
